{"type":"FeatureCollection","features":[{"type":"Feature","properties":{"iso":"GR","name":"Greece"},"geometry":{"type":"MultiPolygon","coordinates":[[[[27.860156,36.553906],[27.838281,36.537988],[27.788086,36.583691],[27.785742,36.60752],[27.836816,36.634863],[27.8625,36.641162],[27.869824,36.62251],[27.869043,36.582666],[27.860156,36.553906]]],[[[20.612305,38.38335],[20.624707,38.267871],[20.695215,38.246191],[20.788867,38.14209],[20.780762,38.088818],[20.761328,38.070557],[20.606152,38.119727],[20.568945,38.097656],[20.523535,38.106641],[20.495508,38.16416],[20.49873,38.184375],[20.47334,38.218799],[20.452148,38.23418],[20.391016,38.188428],[20.352539,38.179883],[20.352246,38.221729],[20.408691,38.336768],[20.435059,38.356201],[20.481445,38.318213],[20.519629,38.332324],[20.54834,38.394531],[20.550293,38.456543],[20.563184,38.474951],[20.612305,38.38335]]],[[[20.888477,37.805371],[20.993945,37.708008],[20.909082,37.732129],[20.818555,37.664746],[20.703809,37.743457],[20.635059,37.823145],[20.619531,37.855029],[20.691504,37.929541],[20.758691,37.852979],[20.839844,37.840723],[20.888477,37.805371]]],[[[20.686719,38.608691],[20.647852,38.600977],[20.614355,38.60625],[20.583984,38.601709],[20.554688,38.582568],[20.55791,38.661865],[20.59248,38.760156],[20.634668,38.817578],[20.694141,38.844238],[20.719629,38.79917],[20.714844,38.63833],[20.686719,38.608691]]],[[[20.758691,38.329443],[20.709277,38.318604],[20.646387,38.414307],[20.623633,38.480322],[20.649707,38.483984],[20.674805,38.476318],[20.70127,38.451416],[20.701074,38.425928],[20.711621,38.398633],[20.73916,38.365771],[20.758691,38.329443]]],[[[20.07793,39.432715],[20.099609,39.376611],[19.975,39.411426],[19.883984,39.461523],[19.808887,39.585303],[19.648926,39.726172],[19.646484,39.76709],[19.707324,39.798096],[19.838574,39.820117],[19.891699,39.797266],[19.926074,39.77373],[19.936816,39.746729],[19.862207,39.692627],[19.84668,39.668115],[19.904102,39.619482],[19.903125,39.6],[19.927344,39.505908],[19.955273,39.47041],[20.027734,39.44209],[20.07793,39.432715]]],[[[23.41543,38.958643],[23.471973,38.850098],[23.525,38.813477],[23.63623,38.770215],[23.688477,38.764697],[23.878223,38.686572],[24.099023,38.670996],[24.127539,38.648486],[24.154688,38.588281],[24.199707,38.541016],[24.211035,38.504248],[24.1875,38.463428],[24.220117,38.338623],[24.275781,38.22002],[24.359668,38.1625],[24.463965,38.145117],[24.563281,38.14751],[24.588379,38.123975],[24.578516,38.020166],[24.536523,37.979736],[24.502344,37.969922],[24.472656,37.980518],[24.445801,38.00498],[24.416504,38.016553],[24.359473,38.018555],[24.317773,38.060352],[24.212012,38.117529],[24.192578,38.15166],[24.189063,38.204297],[24.144141,38.243066],[24.102832,38.316846],[24.063574,38.337207],[24.041895,38.374121],[24.040137,38.38999],[23.88623,38.400732],[23.758789,38.401221],[23.650781,38.443066],[23.617383,38.552539],[23.55332,38.581982],[23.505273,38.612939],[23.465234,38.655859],[23.364063,38.73501],[23.252148,38.801221],[23.143945,38.844824],[23.029102,38.873389],[22.935742,38.839648],[22.881348,38.847656],[22.870313,38.870508],[22.986328,38.915918],[23.145801,39.002686],[23.258203,39.031348],[23.312695,39.034912],[23.41543,38.958643]]],[[[23.779785,39.114404],[23.735156,39.080566],[23.666113,39.095361],[23.593945,39.208594],[23.779785,39.114404]]],[[[23.887988,39.158301],[23.841211,39.146582],[23.888086,39.226367],[23.970898,39.267725],[23.939746,39.200537],[23.887988,39.158301]]],[[[24.674707,38.809229],[24.569043,38.784814],[24.541016,38.788672],[24.564551,38.819434],[24.566406,38.832373],[24.461035,38.888623],[24.473438,38.96167],[24.485645,38.980273],[24.564063,38.942236],[24.58125,38.878857],[24.674707,38.809229]]],[[[24.774219,40.615186],[24.645898,40.579443],[24.515527,40.647021],[24.516699,40.687207],[24.585547,40.76875],[24.62334,40.79292],[24.719141,40.786279],[24.773633,40.730273],[24.786328,40.703857],[24.768652,40.658887],[24.774219,40.615186]]],[[[23.550977,37.925879],[23.511426,37.901172],[23.466797,37.902393],[23.435254,37.911475],[23.419336,37.93125],[23.439063,37.940674],[23.462207,37.980371],[23.483691,37.991113],[23.515527,37.986035],[23.534863,37.970215],[23.550977,37.925879]]],[[[23.053809,36.189795],[23.042188,36.146387],[22.939453,36.176221],[22.91084,36.220996],[22.905664,36.320312],[22.932617,36.36875],[22.950488,36.383936],[22.997852,36.328125],[23.09707,36.246582],[23.053809,36.189795]]],[[[27.176074,35.465283],[27.137891,35.409082],[27.099121,35.456445],[27.11582,35.511133],[27.070703,35.597754],[27.156055,35.72627],[27.158008,35.788672],[27.223145,35.820459],[27.207031,35.714453],[27.157227,35.629492],[27.208887,35.558936],[27.233594,35.478564],[27.176074,35.465283]]],[[[27.019727,36.959033],[26.919922,36.945215],[26.937695,37.024609],[26.888672,37.087256],[26.966602,37.0521],[27.016016,37.009668],[27.040137,37.001562],[27.03457,36.975977],[27.019727,36.959033]]],[[[26.949609,36.7271],[26.918359,36.725928],[26.955566,36.774219],[27.061133,36.840381],[27.214941,36.898633],[27.265625,36.905127],[27.352148,36.868896],[27.193164,36.809131],[27.150977,36.777588],[27.033594,36.770752],[26.949609,36.7271]]],[[[25.545898,36.967578],[25.456738,36.929688],[25.395898,36.984375],[25.361914,37.07041],[25.525293,37.196387],[25.564355,37.185107],[25.587891,37.152539],[25.584277,37.039307],[25.545898,36.967578]]],[[[25.278906,37.068408],[25.199414,36.991309],[25.133301,36.999658],[25.105469,37.034961],[25.146484,37.107422],[25.235059,37.148535],[25.275293,37.137842],[25.271484,37.08418],[25.278906,37.068408]]],[[[25.482422,36.392627],[25.435938,36.340088],[25.370508,36.358936],[25.397168,36.378955],[25.412891,36.404883],[25.414648,36.442285],[25.396875,36.465332],[25.408984,36.47373],[25.467383,36.435059],[25.482422,36.392627]]],[[[25.381738,36.674023],[25.364355,36.65835],[25.288672,36.721533],[25.259961,36.758447],[25.295898,36.78916],[25.406934,36.717334],[25.381738,36.674023]]],[[[26.824414,37.811426],[26.947363,37.778467],[26.981543,37.781982],[27.039648,37.77002],[27.055078,37.709277],[26.978125,37.700488],[26.844922,37.644727],[26.788281,37.656982],[26.720508,37.705469],[26.612891,37.710498],[26.581055,37.72373],[26.638672,37.780859],[26.743359,37.809766],[26.824414,37.811426]]],[[[26.029297,37.529395],[25.982422,37.525586],[25.996777,37.565576],[26.086328,37.634912],[26.211523,37.638281],[26.325586,37.673047],[26.351367,37.674316],[26.296875,37.61958],[26.204883,37.568506],[26.029297,37.529395]]],[[[25.859375,36.79043],[25.771094,36.782227],[25.743164,36.789746],[25.796777,36.807031],[25.834375,36.825391],[25.852441,36.847559],[25.941992,36.886572],[26.000684,36.937402],[26.064453,36.902734],[25.984668,36.879687],[25.859375,36.79043]]],[[[26.460645,36.5854],[26.381641,36.561523],[26.331445,36.511377],[26.27002,36.546924],[26.269824,36.59541],[26.337012,36.580566],[26.38418,36.607861],[26.37002,36.638574],[26.421289,36.624219],[26.460645,36.5854]]],[[[24.355957,37.576855],[24.288965,37.528271],[24.277441,37.601123],[24.32041,37.677734],[24.379102,37.682715],[24.400781,37.649023],[24.355957,37.576855]]],[[[24.435742,37.344434],[24.378906,37.314111],[24.397754,37.383447],[24.369727,37.419629],[24.394824,37.450391],[24.43125,37.475195],[24.448535,37.449561],[24.481445,37.408008],[24.435742,37.344434]]],[[[24.535742,36.76377],[24.5375,36.705029],[24.530664,36.683984],[24.325977,36.655615],[24.344922,36.722998],[24.357422,36.744287],[24.425195,36.712939],[24.450195,36.728955],[24.460352,36.747461],[24.535742,36.76377]]],[[[24.942871,37.493506],[24.937891,37.389697],[24.911523,37.390576],[24.896191,37.406592],[24.895313,37.446338],[24.906543,37.508887],[24.942871,37.493506]]],[[[24.991699,37.759619],[24.962207,37.692383],[24.884082,37.770508],[24.798535,37.824023],[24.766504,37.870703],[24.714355,37.898877],[24.700195,37.96167],[24.763379,37.9875],[24.79043,37.990137],[24.855078,37.913672],[24.956348,37.904785],[24.948438,37.857666],[24.980469,37.796924],[24.991699,37.759619]]],[[[25.255859,37.599609],[25.21875,37.535107],[25.156348,37.545068],[25.051953,37.614453],[25.016309,37.645947],[24.996484,37.676904],[25.039355,37.680664],[25.091797,37.647998],[25.225391,37.630664],[25.255859,37.599609]]],[[[24.720898,36.921436],[24.702637,36.91709],[24.676465,36.959277],[24.670996,36.998584],[24.681445,37.021631],[24.716113,37.023828],[24.763184,36.949219],[24.720898,36.921436]]],[[[26.094043,38.218066],[25.998535,38.161523],[25.891895,38.243311],[25.874316,38.269629],[25.952637,38.302637],[25.991406,38.353516],[25.959961,38.416016],[25.85127,38.508398],[25.846094,38.574023],[26.0125,38.601709],[26.110449,38.544629],[26.160352,38.540723],[26.141211,38.486182],[26.149609,38.468457],[26.157031,38.30293],[26.110742,38.279639],[26.103125,38.23418],[26.094043,38.218066]]],[[[26.410156,39.329443],[26.392773,39.270117],[26.531055,39.171777],[26.578223,39.109521],[26.595605,39.048828],[26.583984,39.031445],[26.531543,39.064355],[26.488672,39.074805],[26.503125,39.031445],[26.547168,38.994141],[26.46875,38.972803],[26.390137,38.973926],[26.16084,39.025879],[26.10791,39.081055],[26.245117,39.164111],[26.273145,39.197559],[26.175977,39.194287],[26.072363,39.095605],[25.90625,39.138965],[25.855469,39.178662],[25.844141,39.200049],[25.90957,39.287549],[26.026465,39.284619],[26.088379,39.304297],[26.164844,39.331982],[26.16543,39.373535],[26.347754,39.383008],[26.410156,39.329443]]],[[[25.685742,40.426562],[25.572656,40.400439],[25.448047,40.482812],[25.568555,40.515869],[25.624316,40.491992],[25.664258,40.463867],[25.685742,40.426562]]],[[[25.437695,39.983301],[25.399902,39.949561],[25.37207,39.891309],[25.357031,39.808105],[25.29873,39.806104],[25.263379,39.822949],[25.251758,39.854395],[25.249414,39.894141],[25.223828,39.892578],[25.203223,39.849414],[25.185156,39.829932],[25.126465,39.82583],[25.062207,39.852393],[25.065234,39.909863],[25.052344,39.976367],[25.058008,39.999658],[25.23418,40.00542],[25.285742,39.956299],[25.348047,39.984766],[25.373633,40.015527],[25.449121,40.034814],[25.437695,39.983301]]],[[[25.402734,37.419141],[25.307129,37.412988],[25.312695,37.489307],[25.348145,37.50918],[25.462988,37.471094],[25.457422,37.44707],[25.402734,37.419141]]],[[[24.523535,37.125098],[24.486523,37.110059],[24.424805,37.131982],[24.441211,37.186865],[24.483789,37.210205],[24.529102,37.192334],[24.535938,37.167676],[24.523535,37.125098]]],[[[27.842773,35.929297],[27.770605,35.908301],[27.745703,35.911035],[27.715527,35.957324],[27.757324,36.069189],[27.718652,36.141113],[27.716309,36.171582],[27.774414,36.21377],[27.815234,36.276953],[27.914453,36.345312],[28.171484,36.426221],[28.231836,36.433643],[28.230078,36.370264],[28.144043,36.209863],[28.067676,36.129687],[28.087793,36.065332],[27.965527,36.04751],[27.842773,35.929297]]],[[[23.852246,35.535449],[23.920605,35.528174],[24.013281,35.529443],[24.034375,35.5354],[24.093359,35.593848],[24.166016,35.595215],[24.197754,35.537451],[24.124023,35.51084],[24.108984,35.495801],[24.123145,35.483643],[24.178516,35.459521],[24.255371,35.468604],[24.257715,35.423145],[24.274902,35.385986],[24.312891,35.363818],[24.354004,35.359473],[24.444922,35.366016],[24.53457,35.380762],[24.626953,35.409912],[24.721289,35.424805],[25.003125,35.409863],[25.104297,35.346924],[25.296777,35.339355],[25.475684,35.306201],[25.569629,35.328076],[25.730176,35.348584],[25.755859,35.326367],[25.735156,35.184033],[25.74502,35.142725],[25.791309,35.122852],[25.837109,35.132568],[25.893359,35.179199],[26.028027,35.215283],[26.167871,35.215088],[26.285547,35.309766],[26.320215,35.315137],[26.298633,35.268604],[26.280859,35.159229],[26.255566,35.095166],[26.244336,35.044678],[26.165625,35.018604],[26.04668,35.01416],[25.829688,35.025195],[25.610938,35.007324],[25.205762,34.959277],[24.799805,34.934473],[24.745215,34.950635],[24.743945,35.014355],[24.735156,35.058301],[24.708887,35.089062],[24.583398,35.115332],[24.463672,35.160352],[23.994336,35.221924],[23.883594,35.246094],[23.703906,35.233496],[23.638086,35.235156],[23.592773,35.257227],[23.561621,35.295166],[23.547559,35.415576],[23.569824,35.534766],[23.608691,35.56626],[23.626563,35.530371],[23.672656,35.513916],[23.71543,35.550146],[23.715039,35.604736],[23.736914,35.655518],[23.770801,35.634229],[23.793359,35.556201],[23.852246,35.535449]]],[[[26.320898,41.716553],[26.410547,41.696338],[26.4625,41.663379],[26.49502,41.633252],[26.544531,41.607227],[26.581348,41.60127],[26.609766,41.512158],[26.624902,41.401758],[26.602344,41.35415],[26.536426,41.343115],[26.330664,41.23877],[26.325684,41.143262],[26.328418,41.097021],[26.332617,41.064307],[26.354102,41.036768],[26.354102,40.99707],[26.331055,40.954492],[26.241211,40.883203],[26.178906,40.826514],[26.10918,40.749658],[26.069727,40.740283],[26.038965,40.726758],[26.010742,40.769141],[25.855664,40.844092],[25.496777,40.887793],[25.325293,40.943115],[25.250098,40.932812],[25.104492,40.994727],[25.004688,40.967529],[24.792969,40.85752],[24.678711,40.869482],[24.556543,40.935596],[24.477051,40.947754],[24.383789,40.912744],[24.234375,40.786133],[24.082324,40.724072],[23.946094,40.74834],[23.762793,40.747803],[23.743262,40.677002],[23.778711,40.627979],[23.878906,40.544385],[23.831934,40.481543],[23.866797,40.418555],[23.932031,40.405762],[24.030566,40.409326],[24.212793,40.327783],[24.29248,40.241797],[24.343359,40.147705],[24.232422,40.215186],[24.158789,40.280029],[24.056055,40.303564],[23.913184,40.358789],[23.823438,40.368018],[23.72793,40.329736],[23.720508,40.286279],[23.823438,40.205127],[23.917578,40.155225],[23.96748,40.114551],[24.000781,40.024609],[23.981836,39.994043],[23.94707,39.965576],[23.835352,40.022266],[23.664551,40.223828],[23.42627,40.263965],[23.386426,40.221973],[23.433203,40.11543],[23.46709,40.073926],[23.674121,39.958887],[23.65752,39.934473],[23.627344,39.924072],[23.395605,39.989844],[23.328223,40.089941],[23.312012,40.216455],[23.098145,40.304297],[22.896484,40.399902],[22.851367,40.490625],[22.892871,40.524268],[22.922266,40.590869],[22.811426,40.578613],[22.741895,40.536475],[22.629492,40.495557],[22.624902,40.428613],[22.642676,40.366602],[22.605469,40.276416],[22.569336,40.119336],[22.592188,40.036914],[22.835742,39.800586],[22.919043,39.628906],[22.978809,39.563818],[23.103418,39.492041],[23.233398,39.358447],[23.288477,39.288818],[23.327734,39.174902],[23.218359,39.104395],[23.154688,39.101465],[23.119434,39.132764],[23.16875,39.210449],[23.161719,39.257764],[22.992871,39.331055],[22.921387,39.306348],[22.838965,39.258594],[22.886035,39.169971],[22.938965,39.111523],[22.965527,39.030908],[23.066699,39.037939],[22.930469,38.947705],[22.802637,38.901611],[22.676855,38.898926],[22.596777,38.890576],[22.569141,38.86748],[22.634277,38.850684],[22.6875,38.84917],[22.774023,38.800391],[23.020313,38.741895],[23.137695,38.667969],[23.25293,38.66123],[23.368945,38.525537],[23.569629,38.489404],[23.683984,38.352441],[23.836035,38.325488],[23.966992,38.275],[24.005371,38.226807],[24.024512,38.139795],[24.033008,37.955322],[24.061328,37.81792],[24.062305,37.774512],[24.055371,37.709619],[24.019727,37.677734],[23.971582,37.676758],[23.877344,37.777783],[23.732813,37.884082],[23.580469,38.010547],[23.537207,38.032764],[23.501758,38.034863],[23.420215,37.99209],[23.193652,37.959033],[23.087402,37.912842],[23.047461,37.902637],[23.036328,37.878369],[23.086133,37.853125],[23.147168,37.795312],[23.147168,37.71626],[23.197559,37.620215],[23.262695,37.59541],[23.347559,37.597559],[23.396191,37.579785],[23.408789,37.541553],[23.458105,37.496924],[23.490625,37.463867],[23.489258,37.440186],[23.252539,37.377295],[23.203027,37.348535],[23.161523,37.333838],[23.1,37.36377],[23.096484,37.440576],[23.015137,37.481787],[22.940527,37.51709],[22.851074,37.532227],[22.775,37.585107],[22.725391,37.542139],[22.765039,37.393311],[22.851074,37.29082],[22.99502,37.015869],[23.060352,36.853516],[23.073535,36.774951],[23.041016,36.644531],[23.111719,36.547607],[23.160156,36.448096],[23.106836,36.451855],[23.060547,36.486963],[22.98291,36.528369],[22.832324,36.687109],[22.779883,36.786182],[22.717188,36.793945],[22.608398,36.779736],[22.489063,36.568164],[22.489453,36.446924],[22.427734,36.475781],[22.374805,36.513574],[22.38125,36.646191],[22.375977,36.701904],[22.231152,36.882568],[22.164746,36.902832],[22.133789,36.963916],[22.080469,37.028955],[22.011719,37.016504],[21.955566,36.990088],[21.940039,36.891797],[21.934277,36.803662],[21.892383,36.737305],[21.738086,36.863232],[21.58291,37.080957],[21.578809,37.200391],[21.69248,37.309277],[21.678906,37.387207],[21.571289,37.541016],[21.416211,37.639941],[21.329297,37.669336],[21.288477,37.774512],[21.205273,37.828857],[21.137988,37.85415],[21.124707,37.891602],[21.14502,37.919287],[21.308105,38.027441],[21.403711,38.19668],[21.451172,38.204736],[21.54873,38.1646],[21.658398,38.175098],[21.748438,38.274219],[21.824707,38.328125],[21.95332,38.321191],[22.24375,38.188721],[22.555859,38.113232],[22.711523,38.046924],[22.799609,37.981201],[22.846387,37.967578],[22.920313,37.958301],[22.916992,38.007471],[22.893164,38.050928],[22.954785,38.074609],[23.12207,38.07334],[23.152539,38.096387],[23.183496,38.133691],[23.148926,38.176074],[23.093555,38.196436],[23.034375,38.2021],[22.99541,38.215527],[22.93252,38.201953],[22.834375,38.234717],[22.783691,38.261719],[22.753906,38.289502],[22.583398,38.344922],[22.42168,38.438525],[22.385254,38.385547],[22.319922,38.356836],[22.226855,38.352832],[21.965332,38.412451],[21.804688,38.366943],[21.71709,38.355029],[21.650098,38.354004],[21.567676,38.333594],[21.472559,38.321387],[21.390137,38.407812],[21.355469,38.474805],[21.331055,38.487305],[21.329785,38.424365],[21.30332,38.373926],[21.182617,38.345557],[21.113184,38.384668],[21.059766,38.503271],[20.992188,38.654004],[20.873242,38.775732],[20.776855,38.80752],[20.768555,38.874414],[20.777344,38.927881],[20.893164,38.941113],[21.074219,38.885156],[21.111621,38.896289],[21.152344,38.92207],[21.144531,38.979199],[21.118359,39.02998],[21.068555,39.032275],[21.034082,39.02627],[20.922754,39.036768],[20.779688,39.008545],[20.713379,39.035156],[20.691309,39.06748],[20.57168,39.147705],[20.468262,39.255273],[20.300781,39.3271],[20.191406,39.545801],[20.099414,39.64126],[20.00127,39.709424],[20.022559,39.710693],[20.059766,39.699121],[20.131055,39.661621],[20.206836,39.653516],[20.248242,39.678369],[20.27207,39.701172],[20.287598,39.738574],[20.293848,39.782227],[20.306152,39.79668],[20.364063,39.791748],[20.382422,39.802637],[20.381641,39.841797],[20.344238,39.890625],[20.311328,39.950781],[20.311133,39.979443],[20.338477,39.991064],[20.383691,40.017187],[20.408008,40.049463],[20.456055,40.065576],[20.527051,40.068506],[20.60625,40.082666],[20.657422,40.117383],[20.664941,40.151758],[20.696973,40.246387],[20.717871,40.292676],[20.75166,40.334912],[20.77002,40.391895],[20.806055,40.445459],[20.881641,40.46792],[20.950195,40.494385],[21.001953,40.563379],[21.030859,40.622461],[21.031055,40.658643],[20.987891,40.717773],[20.955762,40.775293],[20.964258,40.849902],[21.1,40.856152],[21.147559,40.863135],[21.32373,40.867139],[21.404102,40.907178],[21.459668,40.903613],[21.575781,40.868945],[21.627539,40.896338],[21.779492,40.950439],[21.929492,41.107422],[21.993359,41.130957],[22.138867,41.140527],[22.184473,41.158643],[22.237695,41.155176],[22.400781,41.123389],[22.493555,41.118506],[22.603613,41.140186],[22.724805,41.178516],[22.755078,41.312744],[22.783887,41.331982],[22.859277,41.337354],[22.916016,41.336279],[23.025586,41.325635],[23.155957,41.32207],[23.239844,41.384961],[23.37207,41.389648],[23.433398,41.39873],[23.53584,41.386035],[23.635156,41.386768],[23.762305,41.412988],[23.880859,41.455957],[23.973535,41.452295],[24.011328,41.460059],[24.03291,41.469092],[24.056055,41.527246],[24.230371,41.530811],[24.289453,41.525049],[24.386719,41.523535],[24.487891,41.555225],[24.518262,41.552539],[24.569336,41.467383],[24.595996,41.442725],[24.651074,41.419971],[24.77373,41.356104],[24.795801,41.3729],[24.846875,41.394238],[24.993555,41.36499],[25.133398,41.315771],[25.251172,41.243555],[25.381934,41.264355],[25.527051,41.299805],[25.621484,41.310107],[25.723926,41.315039],[25.784961,41.33042],[25.92334,41.311914],[26.066406,41.350684],[26.135352,41.385742],[26.155176,41.434863],[26.143555,41.521533],[26.11123,41.608203],[26.076953,41.640186],[26.066016,41.673242],[26.085547,41.70415],[26.107422,41.725684],[26.200586,41.743799],[26.320898,41.716553]]]]}},{"type":"Feature","properties":{"iso":"BG","name":"Bulgaria"},"geometry":{"type":"Polygon","coordinates":[[[28.014453,41.969043],[27.879199,41.986621],[27.831934,41.981299],[27.80166,41.956543],[27.738867,41.961523],[27.661133,41.961328],[27.579883,41.93291],[27.534863,41.920801],[27.474805,41.946875],[27.362891,42.025049],[27.294922,42.079541],[27.244336,42.093262],[27.193359,42.0771],[27.011719,42.058643],[26.96875,42.026855],[26.884863,41.991846],[26.800391,41.975146],[26.679199,41.96333],[26.615332,41.964893],[26.579688,41.947949],[26.549707,41.896729],[26.529297,41.84668],[26.511426,41.826367],[26.360352,41.801562],[26.327246,41.772803],[26.317969,41.744678],[26.320898,41.716553],[26.200586,41.743799],[26.107422,41.725684],[26.085547,41.70415],[26.066016,41.673242],[26.076953,41.640186],[26.11123,41.608203],[26.143555,41.521533],[26.155176,41.434863],[26.135352,41.385742],[26.066406,41.350684],[25.92334,41.311914],[25.784961,41.33042],[25.723926,41.315039],[25.621484,41.310107],[25.527051,41.299805],[25.381934,41.264355],[25.251172,41.243555],[25.133398,41.315771],[24.993555,41.36499],[24.846875,41.394238],[24.795801,41.3729],[24.77373,41.356104],[24.651074,41.419971],[24.595996,41.442725],[24.569336,41.467383],[24.518262,41.552539],[24.487891,41.555225],[24.386719,41.523535],[24.289453,41.525049],[24.230371,41.530811],[24.056055,41.527246],[24.03291,41.469092],[24.011328,41.460059],[23.973535,41.452295],[23.880859,41.455957],[23.762305,41.412988],[23.635156,41.386768],[23.53584,41.386035],[23.433398,41.39873],[23.37207,41.389648],[23.239844,41.384961],[23.155957,41.32207],[23.025586,41.325635],[22.916016,41.336279],[22.929688,41.356104],[22.951465,41.605615],[23.005664,41.716943],[23.003613,41.739844],[22.991992,41.757178],[22.943945,41.775098],[22.90918,41.835205],[22.836816,41.993604],[22.796094,42.025684],[22.682324,42.059131],[22.582715,42.104834],[22.498242,42.165088],[22.344043,42.313965],[22.42207,42.328857],[22.445703,42.359131],[22.523535,42.440967],[22.532422,42.481201],[22.524219,42.503906],[22.47207,42.543311],[22.43623,42.629102],[22.463281,42.709473],[22.465625,42.750781],[22.439258,42.79165],[22.466797,42.84248],[22.522754,42.870312],[22.558105,42.878467],[22.706152,42.883936],[22.799902,42.985742],[22.856836,43.018262],[22.915234,43.075977],[22.942285,43.09707],[22.967969,43.142041],[22.976855,43.187988],[22.85957,43.252344],[22.819727,43.300732],[22.767578,43.35415],[22.696973,43.391064],[22.55459,43.454492],[22.499121,43.518848],[22.474121,43.602246],[22.436328,43.665479],[22.394824,43.706641],[22.386914,43.740137],[22.369629,43.781299],[22.36543,43.862109],[22.399023,43.969531],[22.420801,44.007422],[22.469043,44.018018],[22.597461,44.075293],[22.603418,44.148584],[22.626563,44.194092],[22.66748,44.220215],[22.705078,44.237793],[22.775195,44.195215],[22.94541,44.127295],[23.028516,44.077979],[23.024414,44.047217],[22.985352,44.016992],[22.911328,43.987207],[22.868262,43.9479],[22.856445,43.899023],[22.867676,43.864551],[22.919043,43.834473],[23.224609,43.873877],[23.53457,43.853564],[23.950781,43.78667],[24.226758,43.763477],[24.430566,43.794385],[24.808203,43.738428],[25.159668,43.686328],[25.49707,43.670801],[25.686133,43.711768],[25.818848,43.766846],[25.933398,43.870557],[26.21582,44.007275],[26.489258,44.083984],[26.847754,44.146191],[27.086914,44.167383],[27.120703,44.146143],[27.425391,44.020508],[27.561035,44.020068],[27.670898,43.997803],[27.710742,43.9646],[27.738574,43.956299],[27.884277,43.987354],[27.948926,43.918604],[28.05,43.822412],[28.221973,43.772852],[28.375195,43.744775],[28.423438,43.740479],[28.585352,43.742236],[28.561816,43.501318],[28.46543,43.389307],[28.319629,43.426855],[28.133691,43.395605],[28.035156,43.268262],[27.979297,43.230518],[27.928906,43.186133],[27.896484,43.020703],[27.888867,42.749707],[27.818359,42.71665],[27.753711,42.706543],[27.484766,42.468066],[27.639551,42.400977],[27.708203,42.349951],[27.821387,42.208008],[27.982715,42.047412],[28.014453,41.969043]]]}},{"type":"Feature","properties":{"iso":"GE","name":"Georgia"},"geometry":{"type":"Polygon","coordinates":[[[43.439453,41.107129],[43.441602,41.125977],[43.433398,41.155518],[43.402344,41.176562],[43.358984,41.190137],[43.279297,41.185205],[43.205469,41.19917],[43.152832,41.236426],[43.141016,41.264844],[43.171289,41.287939],[43.149023,41.307129],[43.057129,41.352832],[42.906738,41.466846],[42.82168,41.492383],[42.787891,41.563721],[42.754102,41.578906],[42.682422,41.585742],[42.606836,41.578809],[42.59043,41.570703],[42.567383,41.559277],[42.50791,41.470068],[42.466406,41.439844],[42.364355,41.454004],[42.27998,41.475],[42.211133,41.486719],[42.077734,41.494092],[41.925781,41.495654],[41.823535,41.432373],[41.779395,41.440527],[41.701758,41.471582],[41.576563,41.497314],[41.510059,41.51748],[41.701758,41.70542],[41.758789,41.817139],[41.760742,41.884863],[41.762988,41.97002],[41.663281,42.146875],[41.577734,42.397852],[41.48877,42.659326],[41.419434,42.737646],[41.128711,42.828125],[41.061621,42.930859],[40.836621,43.063477],[40.524023,43.121045],[40.462109,43.145703],[40.190625,43.312402],[39.97832,43.419824],[40.02373,43.484863],[40.08457,43.553125],[40.150195,43.569775],[40.342285,43.542725],[40.518945,43.512012],[40.648047,43.533887],[40.80166,43.479932],[40.941992,43.418066],[41.083105,43.374463],[41.358203,43.333398],[41.460742,43.276318],[41.580566,43.219238],[42.05,43.190137],[42.087793,43.199121],[42.122266,43.207324],[42.279688,43.228076],[42.419043,43.224219],[42.566016,43.155127],[42.660254,43.159082],[42.760645,43.16958],[42.890039,43.132617],[42.991602,43.091504],[43.000195,43.049658],[43.08916,42.989062],[43.347949,42.89668],[43.557813,42.844482],[43.623047,42.807715],[43.782617,42.747021],[43.79873,42.727783],[43.79541,42.702979],[43.749902,42.65752],[43.738379,42.616992],[43.759863,42.593848],[43.825977,42.571533],[43.957422,42.566553],[44.004688,42.595605],[44.102734,42.616357],[44.199707,42.653613],[44.329492,42.703516],[44.505859,42.748633],[44.576465,42.748486],[44.644336,42.734717],[44.691797,42.709619],[44.771094,42.616797],[44.850488,42.746826],[44.870996,42.756396],[44.943359,42.730273],[45.071582,42.694141],[45.160254,42.675],[45.208203,42.648242],[45.34375,42.529785],[45.562891,42.535742],[45.655566,42.517676],[45.705273,42.498096],[45.727539,42.475049],[45.688379,42.357373],[45.634277,42.234717],[45.638574,42.205078],[45.726562,42.158887],[45.845996,42.109961],[45.910352,42.070703],[45.954004,42.0354],[46.048438,42.00874],[46.159766,41.992041],[46.212695,41.989893],[46.267773,41.960352],[46.411523,41.904639],[46.429883,41.890967],[46.405469,41.855078],[46.348242,41.790186],[46.302539,41.75708],[46.251855,41.751758],[46.201855,41.736865],[46.184277,41.702148],[46.182129,41.65708],[46.190527,41.624854],[46.203516,41.612598],[46.254688,41.602148],[46.305469,41.507715],[46.384961,41.459863],[46.508789,41.405566],[46.618945,41.34375],[46.672559,41.286816],[46.662402,41.245508],[46.626367,41.159668],[46.534375,41.088574],[46.45791,41.070215],[46.430957,41.077051],[46.380762,41.099316],[46.27998,41.154443],[46.170703,41.197852],[46.086523,41.183838],[46.03125,41.167285],[45.921973,41.186719],[45.792773,41.224414],[45.725488,41.261621],[45.695703,41.289014],[45.715625,41.337646],[45.422266,41.425293],[45.280957,41.449561],[45.217188,41.423193],[45.001367,41.290967],[44.975879,41.27749],[44.811328,41.259375],[44.810938,41.248584],[44.848535,41.220166],[44.841406,41.211377],[44.564844,41.208203],[44.473047,41.191016],[44.227344,41.21333],[44.146484,41.203369],[44.077246,41.18252],[43.90918,41.158984],[43.793164,41.131104],[43.64502,41.11665],[43.491992,41.115527],[43.439453,41.107129]]]}},{"type":"Feature","properties":{"iso":"AM","name":"Armenia"},"geometry":{"type":"MultiPolygon","coordinates":[[[[44.768262,39.703516],[44.733789,39.746484],[44.560449,39.887598],[44.399609,39.995752],[44.289258,40.040381],[44.178027,40.035742],[44.005371,40.014111],[43.941992,40.023145],[43.791699,40.070264],[43.666211,40.126367],[43.683301,40.149658],[43.709863,40.166504],[43.678125,40.239307],[43.608398,40.356592],[43.61582,40.393311],[43.59375,40.444043],[43.569336,40.482373],[43.667871,40.574072],[43.712891,40.647754],[43.722656,40.719531],[43.696484,40.794141],[43.631641,40.929004],[43.591699,40.968213],[43.51748,41.004834],[43.455273,41.064697],[43.439453,41.107129],[43.491992,41.115527],[43.64502,41.11665],[43.793164,41.131104],[43.90918,41.158984],[44.077246,41.18252],[44.146484,41.203369],[44.227344,41.21333],[44.473047,41.191016],[44.564844,41.208203],[44.841406,41.211377],[44.848535,41.220166],[44.810938,41.248584],[44.811328,41.259375],[44.975879,41.27749],[45.001367,41.290967],[45.022949,41.245703],[45.084766,41.195459],[45.152344,41.175146],[45.188574,41.147412],[45.190234,41.126367],[45.070703,41.10083],[45.062598,41.088135],[45.070508,41.075586],[45.106055,41.069336],[45.273438,41.00625],[45.368945,41.004883],[45.419141,40.985693],[45.444238,40.947998],[45.524023,40.896729],[45.5875,40.846924],[45.591406,40.829736],[45.579395,40.804492],[45.401367,40.707129],[45.378906,40.673584],[45.376172,40.638086],[45.454395,40.532373],[45.569531,40.416846],[45.735742,40.329102],[45.964648,40.233789],[45.967578,40.174805],[45.93125,40.104687],[45.900098,40.05708],[45.885938,40.024854],[45.858105,40.011279],[45.630176,40.014209],[45.595996,40.002832],[45.580957,39.989014],[45.579785,39.977539],[45.661816,39.956201],[45.789648,39.881104],[45.863184,39.80835],[45.939941,39.776562],[46.025879,39.718555],[46.094824,39.664453],[46.202051,39.594482],[46.32168,39.617432],[46.481445,39.555176],[46.488086,39.512842],[46.478125,39.475098],[46.377637,39.433887],[46.365137,39.416797],[46.365234,39.40249],[46.378418,39.382275],[46.437305,39.348535],[46.506641,39.298535],[46.584766,39.223682],[46.55,39.201416],[46.477148,39.198193],[46.420313,39.207373],[46.400293,39.192187],[46.401465,39.167676],[46.475391,39.110889],[46.489844,39.069434],[46.486719,38.997461],[46.490625,38.906689],[46.317773,38.912646],[46.170117,38.869043],[46.114453,38.877783],[46.077441,38.954883],[46.045898,39.017529],[45.951855,39.178125],[45.977441,39.243896],[45.925,39.281934],[45.798633,39.350195],[45.766309,39.378467],[45.78418,39.417236],[45.796484,39.488135],[45.784473,39.545605],[45.750488,39.562939],[45.687402,39.564062],[45.610742,39.549805],[45.456836,39.494482],[45.349902,39.529883],[45.288281,39.565576],[45.252539,39.595459],[45.172559,39.570605],[45.152832,39.582666],[45.148633,39.656592],[45.124609,39.696338],[45.076465,39.742822],[45.031641,39.765137],[44.867188,39.719141],[44.768262,39.703516]],[[45.023633,41.027246],[45.028711,41.053857],[45.021094,41.077979],[44.994336,41.085596],[44.961426,41.079248],[44.958887,41.052637],[44.969043,41.027246],[45.002051,41.01582],[45.023633,41.027246]]],[[[45.552344,40.616064],[45.514355,40.599561],[45.478809,40.606982],[45.478809,40.64834],[45.504492,40.664844],[45.53418,40.664014],[45.562305,40.64917],[45.552344,40.616064]]]]}},{"type":"Feature","properties":{"iso":"AZ","name":"Azerbaijan"},"geometry":{"type":"MultiPolygon","coordinates":[[[[44.817188,39.650439],[44.783398,39.684668],[44.768262,39.703516],[44.867188,39.719141],[45.031641,39.765137],[45.076465,39.742822],[45.124609,39.696338],[45.148633,39.656592],[45.152832,39.582666],[45.172559,39.570605],[45.252539,39.595459],[45.288281,39.565576],[45.349902,39.529883],[45.456836,39.494482],[45.610742,39.549805],[45.687402,39.564062],[45.750488,39.562939],[45.784473,39.545605],[45.796484,39.488135],[45.78418,39.417236],[45.766309,39.378467],[45.798633,39.350195],[45.925,39.281934],[45.977441,39.243896],[45.951855,39.178125],[46.045898,39.017529],[46.077441,38.954883],[46.114453,38.877783],[45.921875,38.90791],[45.575,38.972803],[45.479688,39.00625],[45.389258,39.095898],[45.335547,39.13916],[45.255957,39.194678],[45.190625,39.215625],[45.141211,39.254297],[45.113086,39.311572],[45.07168,39.362891],[45.000195,39.423535],[44.838184,39.629102],[44.817188,39.650439]]],[[[48.86875,38.435498],[48.840332,38.437256],[48.635547,38.39873],[48.592676,38.411084],[48.417383,38.58623],[48.38125,38.605615],[48.305566,38.613477],[48.261328,38.642285],[48.225195,38.689209],[48.204688,38.724121],[48.023242,38.819043],[47.996484,38.85376],[47.992676,38.884277],[48.019336,38.911816],[48.050098,38.93501],[48.138574,38.958643],[48.241992,38.978955],[48.275098,38.993604],[48.29209,39.018848],[48.291016,39.059277],[48.274121,39.099121],[48.125488,39.171631],[48.10918,39.202832],[48.104395,39.241113],[48.112891,39.281104],[48.136035,39.312354],[48.257227,39.35498],[48.322168,39.399072],[48.281738,39.44834],[48.151074,39.560547],[47.995898,39.683936],[47.892285,39.685059],[47.772852,39.648584],[47.581836,39.543359],[47.476172,39.49834],[47.338477,39.423877],[47.188379,39.340967],[47.06543,39.252881],[46.988867,39.180176],[46.852539,39.148438],[46.783203,39.087402],[46.554785,38.904395],[46.490625,38.906689],[46.486719,38.997461],[46.489844,39.069434],[46.475391,39.110889],[46.401465,39.167676],[46.400293,39.192187],[46.420313,39.207373],[46.477148,39.198193],[46.55,39.201416],[46.584766,39.223682],[46.506641,39.298535],[46.437305,39.348535],[46.378418,39.382275],[46.365234,39.40249],[46.365137,39.416797],[46.377637,39.433887],[46.478125,39.475098],[46.488086,39.512842],[46.481445,39.555176],[46.32168,39.617432],[46.202051,39.594482],[46.094824,39.664453],[46.025879,39.718555],[45.939941,39.776562],[45.863184,39.80835],[45.789648,39.881104],[45.661816,39.956201],[45.579785,39.977539],[45.580957,39.989014],[45.595996,40.002832],[45.630176,40.014209],[45.858105,40.011279],[45.885938,40.024854],[45.900098,40.05708],[45.93125,40.104687],[45.967578,40.174805],[45.964648,40.233789],[45.735742,40.329102],[45.569531,40.416846],[45.454395,40.532373],[45.376172,40.638086],[45.378906,40.673584],[45.401367,40.707129],[45.579395,40.804492],[45.591406,40.829736],[45.5875,40.846924],[45.524023,40.896729],[45.444238,40.947998],[45.419141,40.985693],[45.368945,41.004883],[45.273438,41.00625],[45.106055,41.069336],[45.070508,41.075586],[45.062598,41.088135],[45.070703,41.10083],[45.190234,41.126367],[45.188574,41.147412],[45.152344,41.175146],[45.084766,41.195459],[45.022949,41.245703],[45.001367,41.290967],[45.217188,41.423193],[45.280957,41.449561],[45.422266,41.425293],[45.715625,41.337646],[45.695703,41.289014],[45.725488,41.261621],[45.792773,41.224414],[45.921973,41.186719],[46.03125,41.167285],[46.086523,41.183838],[46.170703,41.197852],[46.27998,41.154443],[46.380762,41.099316],[46.430957,41.077051],[46.45791,41.070215],[46.534375,41.088574],[46.626367,41.159668],[46.662402,41.245508],[46.672559,41.286816],[46.618945,41.34375],[46.508789,41.405566],[46.384961,41.459863],[46.305469,41.507715],[46.254688,41.602148],[46.203516,41.612598],[46.190527,41.624854],[46.182129,41.65708],[46.184277,41.702148],[46.201855,41.736865],[46.251855,41.751758],[46.302539,41.75708],[46.348242,41.790186],[46.405469,41.855078],[46.429883,41.890967],[46.537695,41.87041],[46.552148,41.812305],[46.571289,41.800098],[46.616016,41.806934],[46.690332,41.831348],[46.749316,41.812598],[46.825586,41.743408],[46.930859,41.67041],[46.987793,41.621387],[47.010156,41.5875],[47.063965,41.554688],[47.142578,41.516064],[47.205273,41.455615],[47.261133,41.315088],[47.317676,41.282422],[47.520605,41.229053],[47.591797,41.218115],[47.791016,41.199268],[47.861133,41.212744],[47.963672,41.333984],[48.056055,41.458691],[48.142285,41.484766],[48.298145,41.54502],[48.391406,41.601904],[48.430664,41.66333],[48.518652,41.779346],[48.572852,41.844482],[48.664648,41.786621],[48.823926,41.62959],[49.050879,41.373975],[49.106641,41.301709],[49.143262,41.217773],[49.174707,41.116113],[49.226465,41.026221],[49.456738,40.799854],[49.556152,40.716309],[49.718359,40.608105],[49.775977,40.583984],[49.851758,40.577197],[49.990625,40.576807],[50.119141,40.534521],[50.18252,40.504785],[50.248047,40.461768],[50.306836,40.412207],[50.365918,40.279492],[50.143164,40.323242],[49.918848,40.316406],[49.791992,40.287891],[49.669043,40.249023],[49.551172,40.194141],[49.477344,40.087256],[49.415137,39.839844],[49.324414,39.60835],[49.327539,39.501221],[49.367383,39.398389],[49.362793,39.349561],[49.321191,39.328906],[49.269336,39.285156],[49.199805,39.072656],[49.165332,39.030273],[49.120996,39.003906],[49.108691,39.029053],[49.111328,39.084717],[49.013477,39.133984],[48.961719,39.07876],[48.926172,38.961768],[48.854492,38.838818],[48.850879,38.815332],[48.86875,38.435498]],[[45.552344,40.616064],[45.562305,40.64917],[45.53418,40.664014],[45.504492,40.664844],[45.478809,40.64834],[45.478809,40.606982],[45.514355,40.599561],[45.552344,40.616064]]],[[[45.023633,41.027246],[45.002051,41.01582],[44.969043,41.027246],[44.958887,41.052637],[44.961426,41.079248],[44.994336,41.085596],[45.021094,41.077979],[45.028711,41.053857],[45.023633,41.027246]]]]}},{"type":"Feature","properties":{"iso":"IR","name":"Iran"},"geometry":{"type":"MultiPolygon","coordinates":[[[[56.187988,26.921143],[56.094922,26.801172],[55.954297,26.701123],[55.894141,26.732275],[55.847656,26.730811],[55.747266,26.69248],[55.674609,26.68584],[55.543164,26.617529],[55.42373,26.583105],[55.34043,26.585742],[55.311523,26.592627],[55.29502,26.639209],[55.296484,26.657568],[55.346973,26.647949],[55.531738,26.71001],[55.762598,26.811963],[55.78457,26.857178],[55.747461,26.930957],[55.757617,26.947656],[55.907129,26.909814],[56.074121,26.98335],[56.213965,27.003271],[56.279395,26.9521],[56.187988,26.921143]]],[[[53.91416,37.343555],[54.191602,37.332471],[54.299805,37.353613],[54.458691,37.407568],[54.578906,37.440234],[54.639648,37.444727],[54.699414,37.470166],[54.745215,37.501904],[54.848633,37.722656],[54.900098,37.77793],[55.075586,37.90249],[55.224707,37.981348],[55.380859,38.051123],[55.578418,38.099756],[55.841309,38.094629],[56.050293,38.077539],[56.171191,38.078369],[56.228809,38.073389],[56.27207,38.08042],[56.296973,38.094824],[56.324121,38.191113],[56.366895,38.22251],[56.440625,38.249414],[56.544043,38.249609],[56.669922,38.256641],[56.774609,38.250049],[56.906641,38.213037],[57.079004,38.209961],[57.193555,38.216406],[57.260156,38.17959],[57.308105,38.130371],[57.331445,38.089307],[57.336719,38.03291],[57.335742,37.989941],[57.353711,37.97334],[57.423828,37.947705],[57.520996,37.928467],[57.710547,37.905273],[57.888184,37.86084],[57.980566,37.830469],[58.108789,37.783057],[58.261621,37.66582],[58.318164,37.647217],[58.386719,37.635352],[58.435742,37.638525],[58.550488,37.688184],[58.650195,37.651562],[58.700781,37.65625],[58.81543,37.683496],[58.937207,37.649658],[59.24082,37.520752],[59.274121,37.52373],[59.301758,37.510645],[59.326953,37.481152],[59.344727,37.444727],[59.367383,37.33374],[59.45498,37.252832],[59.562207,37.178906],[59.687207,37.138477],[59.948633,37.041602],[60.062793,36.962891],[60.17832,36.829443],[60.320703,36.653564],[60.341309,36.637646],[60.70791,36.642969],[61.119629,36.642578],[61.169922,36.572266],[61.160352,36.432715],[61.175098,36.289697],[61.212012,36.190527],[61.212402,36.099121],[61.182617,36.052832],[61.159473,35.999902],[61.15293,35.976758],[61.205859,35.943701],[61.252148,35.867627],[61.258691,35.761816],[61.235547,35.705566],[61.238867,35.659277],[61.262012,35.61958],[61.281836,35.553418],[61.278516,35.51377],[61.245508,35.474072],[61.225684,35.424463],[61.199219,35.361621],[61.189258,35.312012],[61.139648,35.288867],[61.1,35.272314],[61.106641,35.209473],[61.126465,35.156543],[61.149609,35.09375],[61.123145,35.050732],[61.106641,35.001123],[61.070215,34.921729],[61.080078,34.855615],[61.04043,34.799365],[60.99082,34.749756],[60.957813,34.710059],[60.951172,34.653857],[60.914746,34.633984],[60.845313,34.587695],[60.802344,34.554639],[60.739453,34.544727],[60.72627,34.518262],[60.736133,34.491797],[60.762598,34.475244],[60.803906,34.418018],[60.889453,34.319434],[60.642676,34.307178],[60.570215,34.219629],[60.485742,34.094775],[60.527051,33.841992],[60.485938,33.711914],[60.51084,33.638916],[60.573828,33.58833],[60.65459,33.5604],[60.806445,33.558691],[60.906934,33.538965],[60.916992,33.505225],[60.859277,33.45625],[60.766895,33.363818],[60.718066,33.323535],[60.560547,33.137842],[60.561914,33.058789],[60.576563,32.994873],[60.644531,32.794385],[60.710449,32.6],[60.829297,32.249414],[60.827246,32.167969],[60.789941,31.987109],[60.7875,31.877197],[60.804297,31.734473],[60.791602,31.660596],[60.820703,31.495166],[60.854102,31.483252],[61.110742,31.451123],[61.346484,31.421631],[61.660156,31.382422],[61.755078,31.285303],[61.814258,31.072559],[61.81084,30.913281],[61.78418,30.831934],[61.559473,30.599365],[61.331641,30.363721],[61.104102,30.128418],[60.843359,29.858691],[61.03418,29.663428],[61.152148,29.542725],[61.318359,29.372607],[61.339453,29.331787],[61.337891,29.26499],[61.508594,29.006055],[61.56875,28.870898],[61.623047,28.791602],[61.758008,28.667676],[61.889844,28.546533],[62.033008,28.491016],[62.130566,28.478809],[62.353027,28.414746],[62.433887,28.363867],[62.564551,28.235156],[62.717578,28.252783],[62.749414,28.252881],[62.758008,28.243555],[62.7625,28.202051],[62.739746,28.002051],[62.782324,27.800537],[62.812012,27.497021],[62.800879,27.444531],[62.764258,27.356738],[62.7625,27.300195],[62.752734,27.265625],[62.762988,27.250195],[62.811621,27.229443],[62.91543,27.218408],[63.166797,27.25249],[63.196094,27.243945],[63.25625,27.20791],[63.301563,27.151465],[63.305176,27.124561],[63.24209,27.077686],[63.231445,26.998145],[63.250391,26.879248],[63.241602,26.864746],[63.186133,26.837598],[63.168066,26.665576],[63.157813,26.649756],[63.092969,26.632324],[62.786621,26.643896],[62.751563,26.63916],[62.636426,26.593652],[62.439258,26.561035],[62.385059,26.542627],[62.312305,26.490869],[62.259668,26.42749],[62.249609,26.369238],[62.239355,26.357031],[62.125977,26.368994],[62.089063,26.318262],[61.869824,26.242432],[61.842383,26.225928],[61.809961,26.165283],[61.780762,25.99585],[61.754395,25.843359],[61.737695,25.821094],[61.668652,25.768994],[61.661816,25.75127],[61.671387,25.692383],[61.640137,25.584619],[61.61543,25.286133],[61.587891,25.202344],[61.533105,25.195508],[61.490332,25.153662],[61.412207,25.1021],[61.242969,25.141992],[61.108594,25.183887],[60.663867,25.282227],[60.615137,25.329834],[60.5875,25.413525],[60.510547,25.437061],[60.400195,25.311572],[60.024707,25.384131],[59.89707,25.361816],[59.818359,25.400879],[59.616016,25.403271],[59.456055,25.481494],[59.227246,25.427734],[59.046094,25.417285],[58.797852,25.55459],[58.530859,25.592432],[58.314258,25.580859],[58.20293,25.591602],[58.022363,25.64082],[57.936621,25.69165],[57.796094,25.653027],[57.73252,25.724902],[57.33457,25.791553],[57.260938,25.918848],[57.205566,26.037207],[57.201367,26.158838],[57.104297,26.371436],[57.071973,26.680078],[57.036035,26.800684],[56.982227,26.905469],[56.910449,26.99458],[56.812891,27.08999],[56.728125,27.127686],[56.356152,27.200244],[56.284375,27.190625],[56.118066,27.143115],[55.941113,27.037598],[55.650293,26.977539],[55.591602,26.932129],[55.518555,26.829932],[55.424023,26.770557],[55.294141,26.785937],[55.15459,26.725391],[54.895801,26.556689],[54.759277,26.505078],[54.644922,26.508936],[54.52207,26.58916],[54.24707,26.696631],[54.069336,26.732373],[53.822559,26.707715],[53.705762,26.725586],[53.507129,26.851758],[53.45498,26.943262],[53.341699,27.004492],[52.98252,27.141943],[52.691602,27.323389],[52.638184,27.391992],[52.602637,27.493359],[52.475879,27.616504],[52.191895,27.717285],[52.030762,27.824414],[51.841992,27.848242],[51.666309,27.844971],[51.589063,27.864209],[51.518555,27.91001],[51.278906,28.131348],[51.276074,28.218848],[51.128418,28.435156],[51.093848,28.512109],[51.062012,28.726123],[51.021191,28.78208],[50.866992,28.870166],[50.842969,28.927832],[50.875781,29.004395],[50.875781,29.062695],[50.795508,29.117432],[50.675195,29.146582],[50.646094,29.212207],[50.667969,29.339844],[50.649609,29.420068],[50.543555,29.547998],[50.386914,29.679053],[50.230176,29.8729],[50.168945,29.92124],[50.128906,30.048096],[50.071582,30.198535],[49.983105,30.209375],[49.554883,30.028955],[49.42998,30.130469],[49.054297,30.306934],[49.028125,30.333447],[49.001953,30.373926],[49.049023,30.397266],[49.096191,30.406787],[49.190332,30.375391],[49.247266,30.4125],[49.224512,30.472314],[49.130371,30.509424],[49.001953,30.506543],[49.037109,30.450488],[48.916797,30.397266],[48.891211,30.327637],[48.908691,30.241455],[48.919141,30.120898],[48.870117,30.062402],[48.832422,30.035498],[48.670898,30.02832],[48.595508,29.975049],[48.546484,29.962354],[48.478516,30.003809],[48.43457,30.037598],[48.398633,30.109619],[48.387598,30.159863],[48.401367,30.18833],[48.382617,30.230176],[48.331055,30.285449],[48.278906,30.31582],[48.226172,30.321338],[48.182422,30.355029],[48.147559,30.416846],[48.066113,30.457666],[48.014941,30.465625],[48.013477,30.656445],[48.012012,30.823633],[48.010645,30.989795],[47.836328,30.996436],[47.679492,31.002393],[47.679492,31.141504],[47.679492,31.400586],[47.753906,31.601367],[47.82998,31.794434],[47.714551,31.936426],[47.591504,32.087988],[47.511914,32.15083],[47.418164,32.340088],[47.371289,32.42373],[47.329785,32.455518],[47.285156,32.474023],[47.121387,32.466602],[46.968555,32.568408],[46.789062,32.687988],[46.569922,32.833936],[46.377051,32.929248],[46.298242,32.950244],[46.112793,32.957666],[46.093066,32.975879],[46.080469,33.028223],[46.080762,33.086523],[46.141113,33.174414],[46.145898,33.229639],[46.019922,33.415723],[45.981055,33.470117],[45.873242,33.491992],[45.894727,33.545654],[45.894727,33.581543],[45.879395,33.609766],[45.854492,33.62334],[45.822852,33.624805],[45.738281,33.602832],[45.67373,33.68667],[45.473242,33.925488],[45.408984,33.954492],[45.39707,33.97085],[45.446094,34.044043],[45.528613,34.152539],[45.542773,34.215527],[45.526855,34.284668],[45.437598,34.415137],[45.459375,34.470361],[45.497754,34.533887],[45.500781,34.581592],[45.56084,34.574512],[45.6375,34.573828],[45.661523,34.612695],[45.660059,34.748779],[45.678125,34.798437],[45.920898,35.028516],[46.041797,35.080176],[46.133789,35.127637],[46.154688,35.196729],[46.135742,35.232275],[46.117773,35.284277],[46.112109,35.32168],[46.010645,35.424805],[45.975391,35.476807],[45.971094,35.52417],[45.99502,35.608105],[46.037402,35.673145],[46.180957,35.711377],[46.2625,35.744141],[46.273438,35.773242],[46.16748,35.820557],[45.941406,35.8354],[45.776367,35.821826],[45.723438,35.83667],[45.64502,35.928369],[45.561621,35.977197],[45.483789,36.008545],[45.407715,36.002783],[45.361621,36.015332],[45.350879,36.054639],[45.241113,36.355957],[45.206543,36.397168],[45.155273,36.407373],[45.112402,36.409277],[45.083789,36.430029],[45.053125,36.471631],[45.031055,36.526074],[45.029395,36.597559],[45.033984,36.658887],[45.019238,36.698389],[44.981445,36.737695],[44.927832,36.765918],[44.880859,36.799316],[44.798438,37.063867],[44.76543,37.13501],[44.765137,37.142432],[44.766699,37.156348],[44.758301,37.21709],[44.796777,37.269775],[44.794141,37.290381],[44.715137,37.357129],[44.604102,37.42373],[44.574023,37.4354],[44.573145,37.506396],[44.577148,37.560205],[44.567188,37.608643],[44.546094,37.636328],[44.545313,37.658154],[44.589941,37.710352],[44.56123,37.744629],[44.397754,37.829248],[44.33623,37.871777],[44.222949,37.880176],[44.211328,37.908057],[44.228906,37.967187],[44.267969,38.038818],[44.329395,38.109277],[44.348926,38.146484],[44.372754,38.209717],[44.380859,38.25459],[44.449609,38.317773],[44.449902,38.334229],[44.430859,38.356787],[44.375781,38.36958],[44.319629,38.374707],[44.298535,38.386279],[44.29082,38.420117],[44.297852,38.557812],[44.280176,38.640674],[44.257031,38.700635],[44.27168,38.836035],[44.232422,38.863232],[44.170801,38.934375],[44.144531,38.994385],[44.158789,39.016748],[44.171875,39.05625],[44.180566,39.108057],[44.178027,39.144824],[44.121289,39.180615],[44.079102,39.218311],[44.074316,39.259961],[44.05752,39.31084],[44.033789,39.351025],[44.023242,39.377441],[44.043945,39.392969],[44.124023,39.405225],[44.24043,39.396777],[44.335449,39.396045],[44.389355,39.422119],[44.455957,39.666748],[44.516699,39.73125],[44.587109,39.768555],[44.725,39.681738],[44.782129,39.651074],[44.817188,39.650439],[44.838184,39.629102],[45.000195,39.423535],[45.07168,39.362891],[45.113086,39.311572],[45.141211,39.254297],[45.190625,39.215625],[45.255957,39.194678],[45.335547,39.13916],[45.389258,39.095898],[45.479688,39.00625],[45.575,38.972803],[45.921875,38.90791],[46.114453,38.877783],[46.170117,38.869043],[46.317773,38.912646],[46.490625,38.906689],[46.554785,38.904395],[46.783203,39.087402],[46.852539,39.148438],[46.988867,39.180176],[47.06543,39.252881],[47.188379,39.340967],[47.338477,39.423877],[47.476172,39.49834],[47.581836,39.543359],[47.772852,39.648584],[47.892285,39.685059],[47.995898,39.683936],[48.151074,39.560547],[48.281738,39.44834],[48.322168,39.399072],[48.257227,39.35498],[48.136035,39.312354],[48.112891,39.281104],[48.104395,39.241113],[48.10918,39.202832],[48.125488,39.171631],[48.274121,39.099121],[48.291016,39.059277],[48.29209,39.018848],[48.275098,38.993604],[48.241992,38.978955],[48.138574,38.958643],[48.050098,38.93501],[48.019336,38.911816],[47.992676,38.884277],[47.996484,38.85376],[48.023242,38.819043],[48.204688,38.724121],[48.225195,38.689209],[48.261328,38.642285],[48.305566,38.613477],[48.38125,38.605615],[48.417383,38.58623],[48.592676,38.411084],[48.635547,38.39873],[48.840332,38.437256],[48.86875,38.435498],[48.870703,38.392529],[48.901367,38.143652],[48.925098,38.015137],[48.959961,37.890137],[49.015332,37.776074],[49.080957,37.667578],[49.171191,37.600586],[49.372461,37.519971],[49.470117,37.49668],[49.726953,37.480518],[49.980664,37.444873],[50.130469,37.407129],[50.17627,37.380518],[50.214063,37.3396],[50.337891,37.14917],[50.533203,37.013672],[50.927441,36.810205],[51.118555,36.742578],[51.762012,36.614502],[52.190137,36.621729],[53.374121,36.86875],[53.767676,36.930322],[53.91543,36.930322],[53.827441,36.881201],[53.679492,36.853125],[53.76875,36.818457],[53.90625,36.812695],[53.970117,36.818311],[54.016211,36.849658],[54.023828,36.901318],[54.017188,36.95249],[53.951953,37.181738],[53.91416,37.343555]]]]}},{"type":"Feature","properties":{"iso":"IQ","name":"Iraq"},"geometry":{"type":"Polygon","coordinates":[[[42.358984,37.108594],[42.455859,37.128711],[42.635449,37.249268],[42.741113,37.361914],[42.774609,37.371875],[42.869141,37.334912],[42.936621,37.324756],[43.09248,37.367383],[43.185156,37.344873],[43.263086,37.316504],[43.306738,37.314648],[43.51582,37.244531],[43.567969,37.23584],[43.675781,37.227246],[43.836426,37.223535],[43.940039,37.269287],[44.013184,37.313525],[44.064648,37.312451],[44.114453,37.301855],[44.15625,37.282959],[44.191797,37.249854],[44.208398,37.202637],[44.20166,37.051807],[44.21748,37.011865],[44.245703,36.983301],[44.281836,36.978027],[44.325586,37.010742],[44.401953,37.058496],[44.495996,37.110547],[44.566016,37.158252],[44.605957,37.176025],[44.669336,37.173584],[44.730957,37.165283],[44.765137,37.142432],[44.76543,37.13501],[44.798438,37.063867],[44.880859,36.799316],[44.927832,36.765918],[44.981445,36.737695],[45.019238,36.698389],[45.033984,36.658887],[45.029395,36.597559],[45.031055,36.526074],[45.053125,36.471631],[45.083789,36.430029],[45.112402,36.409277],[45.155273,36.407373],[45.206543,36.397168],[45.241113,36.355957],[45.350879,36.054639],[45.361621,36.015332],[45.407715,36.002783],[45.483789,36.008545],[45.561621,35.977197],[45.64502,35.928369],[45.723438,35.83667],[45.776367,35.821826],[45.941406,35.8354],[46.16748,35.820557],[46.273438,35.773242],[46.2625,35.744141],[46.180957,35.711377],[46.037402,35.673145],[45.99502,35.608105],[45.971094,35.52417],[45.975391,35.476807],[46.010645,35.424805],[46.112109,35.32168],[46.117773,35.284277],[46.135742,35.232275],[46.154688,35.196729],[46.133789,35.127637],[46.041797,35.080176],[45.920898,35.028516],[45.678125,34.798437],[45.660059,34.748779],[45.661523,34.612695],[45.6375,34.573828],[45.56084,34.574512],[45.500781,34.581592],[45.497754,34.533887],[45.459375,34.470361],[45.437598,34.415137],[45.526855,34.284668],[45.542773,34.215527],[45.528613,34.152539],[45.446094,34.044043],[45.39707,33.97085],[45.408984,33.954492],[45.473242,33.925488],[45.67373,33.68667],[45.738281,33.602832],[45.822852,33.624805],[45.854492,33.62334],[45.879395,33.609766],[45.894727,33.581543],[45.894727,33.545654],[45.873242,33.491992],[45.981055,33.470117],[46.019922,33.415723],[46.145898,33.229639],[46.141113,33.174414],[46.080762,33.086523],[46.080469,33.028223],[46.093066,32.975879],[46.112793,32.957666],[46.298242,32.950244],[46.377051,32.929248],[46.569922,32.833936],[46.789062,32.687988],[46.968555,32.568408],[47.121387,32.466602],[47.285156,32.474023],[47.329785,32.455518],[47.371289,32.42373],[47.418164,32.340088],[47.511914,32.15083],[47.591504,32.087988],[47.714551,31.936426],[47.82998,31.794434],[47.753906,31.601367],[47.679492,31.400586],[47.679492,31.141504],[47.679492,31.002393],[47.836328,30.996436],[48.010645,30.989795],[48.012012,30.823633],[48.013477,30.656445],[48.014941,30.465625],[48.066113,30.457666],[48.147559,30.416846],[48.182422,30.355029],[48.226172,30.321338],[48.278906,30.31582],[48.331055,30.285449],[48.382617,30.230176],[48.401367,30.18833],[48.387598,30.159863],[48.398633,30.109619],[48.43457,30.037598],[48.478516,30.003809],[48.546484,29.962354],[48.454199,29.938477],[48.35459,29.956738],[48.141699,30.040918],[48.072754,30.043213],[47.98252,30.011328],[47.978711,29.982812],[47.753906,30.076611],[47.672754,30.095605],[47.64375,30.097314],[47.514844,30.096484],[47.331348,30.079687],[47.223242,30.041504],[47.148242,30.000977],[47.114355,29.961328],[47.102051,29.93999],[47.043652,29.822998],[46.975977,29.672852],[46.905859,29.5375],[46.769336,29.347461],[46.69375,29.259668],[46.531445,29.09624],[46.356445,29.063672],[45.949707,29.09585],[45.498926,29.131543],[45.050293,29.16709],[44.716504,29.193604],[44.69082,29.202344],[44.360742,29.435254],[44.099609,29.619336],[43.77373,29.849219],[43.44082,30.083984],[43.103125,30.322217],[42.857715,30.495215],[42.559766,30.717773],[42.288574,30.92041],[42.074414,31.080371],[41.799707,31.220361],[41.585059,31.329736],[41.272461,31.489014],[41.022461,31.616357],[40.808398,31.725439],[40.478906,31.893359],[40.369336,31.938965],[40.027832,31.99502],[39.704102,32.042529],[39.368652,32.091748],[39.14541,32.124512],[39.292773,32.243848],[39.247461,32.350977],[39.140039,32.331201],[39.041406,32.305664],[38.981641,32.472559],[39.057813,32.493164],[38.987402,32.710693],[38.914844,32.934668],[38.84502,33.150879],[38.773535,33.372217],[39.056738,33.514014],[39.268359,33.62002],[39.564453,33.768359],[39.85,33.911377],[40.121973,34.047656],[40.421484,34.197754],[40.689453,34.332031],[40.935059,34.386572],[40.987012,34.429053],[41.099023,34.612305],[41.194727,34.768994],[41.199219,34.805322],[41.199609,35.027393],[41.216406,35.288184],[41.24834,35.42749],[41.30332,35.550635],[41.354102,35.64043],[41.359375,35.724609],[41.352637,35.809961],[41.300195,35.938965],[41.245605,36.073389],[41.251758,36.203027],[41.261816,36.272461],[41.295996,36.38335],[41.354199,36.464404],[41.416797,36.514648],[41.650195,36.566406],[41.788574,36.597168],[41.974023,36.74082],[42.083984,36.826025],[42.237305,36.961133],[42.350098,37.060596],[42.359082,37.09502],[42.358984,37.108594]]]}},{"type":"Feature","properties":{"iso":"SY","name":"Syria"},"geometry":{"type":"Polygon","coordinates":[[[35.892676,35.916553],[35.967578,35.910059],[36.127344,35.831445],[36.153613,35.833887],[36.201953,35.937549],[36.248828,35.972705],[36.347559,36.003516],[36.375391,36.17124],[36.421484,36.203467],[36.477051,36.220703],[36.562402,36.223926],[36.636719,36.233984],[36.641406,36.263525],[36.5375,36.457422],[36.54668,36.506348],[36.596875,36.701367],[36.628418,36.777686],[36.658594,36.802539],[36.776563,36.792676],[36.941797,36.758398],[36.985352,36.702393],[37.066211,36.652637],[37.187402,36.655908],[37.327051,36.646582],[37.436328,36.643311],[37.523535,36.67832],[37.720313,36.743701],[37.817969,36.765576],[37.906641,36.794629],[38.191699,36.901562],[38.305859,36.893359],[38.383984,36.879248],[38.44375,36.862256],[38.578027,36.789111],[38.688867,36.715088],[38.766602,36.693115],[38.906445,36.694678],[39.108398,36.680566],[39.356641,36.681592],[39.501465,36.702246],[39.686523,36.738623],[40.016406,36.826074],[40.450391,37.008887],[40.705664,37.097705],[40.815625,37.108154],[40.958887,37.10918],[41.102148,37.085889],[41.264648,37.069336],[41.339551,37.070801],[41.515527,37.08916],[41.743555,37.126123],[41.886816,37.156396],[42.059863,37.206055],[42.167871,37.288623],[42.202734,37.297266],[42.247559,37.282227],[42.268555,37.276562],[42.312891,37.22959],[42.358984,37.108594],[42.359082,37.09502],[42.350098,37.060596],[42.237305,36.961133],[42.083984,36.826025],[41.974023,36.74082],[41.788574,36.597168],[41.650195,36.566406],[41.416797,36.514648],[41.354199,36.464404],[41.295996,36.38335],[41.261816,36.272461],[41.251758,36.203027],[41.245605,36.073389],[41.300195,35.938965],[41.352637,35.809961],[41.359375,35.724609],[41.354102,35.64043],[41.30332,35.550635],[41.24834,35.42749],[41.216406,35.288184],[41.199609,35.027393],[41.199219,34.805322],[41.194727,34.768994],[41.099023,34.612305],[40.987012,34.429053],[40.935059,34.386572],[40.689453,34.332031],[40.421484,34.197754],[40.121973,34.047656],[39.85,33.911377],[39.564453,33.768359],[39.268359,33.62002],[39.056738,33.514014],[38.773535,33.372217],[38.515625,33.236621],[38.254297,33.099219],[38.055762,32.994873],[37.754102,32.829834],[37.577441,32.733057],[37.317578,32.590771],[37.088965,32.465527],[36.818359,32.317285],[36.479199,32.361328],[36.37207,32.386914],[36.284277,32.457471],[36.219727,32.495117],[36.059473,32.533789],[35.956445,32.666699],[35.894727,32.71377],[35.787305,32.734912],[35.833283,32.820094],[35.841863,32.875954],[35.887977,32.944379],[35.859022,32.989367],[35.84508,33.084665],[35.824704,33.108024],[35.817197,33.133173],[35.833283,33.163702],[35.826849,33.195117],[35.808618,33.208577],[35.800038,33.256121],[35.785024,33.291089],[35.792531,33.334107],[35.816125,33.361879],[35.840738,33.415661],[35.869141,33.431738],[35.914746,33.465381],[35.926563,33.500293],[35.967578,33.53457],[36.022266,33.5625],[36.034473,33.585059],[36.02666,33.597949],[35.97168,33.623096],[35.942383,33.667578],[35.968457,33.732422],[35.986133,33.752637],[36.018848,33.783936],[36.092188,33.831592],[36.149805,33.839502],[36.199414,33.839551],[36.283398,33.835596],[36.348535,33.827051],[36.365039,33.839355],[36.362793,33.855127],[36.282227,33.894189],[36.277832,33.925293],[36.297852,33.958643],[36.354883,34.011328],[36.422852,34.049854],[36.45752,34.056836],[36.535156,34.134326],[36.584961,34.22124],[36.504395,34.432373],[36.455566,34.466162],[36.376465,34.495166],[36.329883,34.499609],[36.32627,34.51333],[36.388672,34.566895],[36.433008,34.613477],[36.383887,34.65791],[36.296289,34.678711],[36.263574,34.632861],[36.151074,34.628613],[35.97627,34.629199],[35.899316,34.8521],[35.887891,34.948633],[35.889941,35.060303],[35.943066,35.223828],[35.918066,35.299512],[35.916016,35.350537],[35.902441,35.420703],[35.764453,35.571582],[35.839648,35.849219],[35.892676,35.916553]]]}},{"type":"Feature","properties":{"iso":"TR","name":"Turkey"},"geometry":{"type":"MultiPolygon","coordinates":[[[[25.97002,40.136328],[25.740234,40.105469],[25.668945,40.135889],[25.740918,40.196289],[25.874805,40.233691],[25.918359,40.237988],[25.977051,40.177832],[25.97002,40.136328]]],[[[41.510059,41.51748],[41.576563,41.497314],[41.701758,41.471582],[41.779395,41.440527],[41.823535,41.432373],[41.925781,41.495654],[42.077734,41.494092],[42.211133,41.486719],[42.27998,41.475],[42.364355,41.454004],[42.466406,41.439844],[42.50791,41.470068],[42.567383,41.559277],[42.59043,41.570703],[42.606836,41.578809],[42.682422,41.585742],[42.754102,41.578906],[42.787891,41.563721],[42.82168,41.492383],[42.906738,41.466846],[43.057129,41.352832],[43.149023,41.307129],[43.171289,41.287939],[43.141016,41.264844],[43.152832,41.236426],[43.205469,41.19917],[43.279297,41.185205],[43.358984,41.190137],[43.402344,41.176562],[43.433398,41.155518],[43.441602,41.125977],[43.439453,41.107129],[43.455273,41.064697],[43.51748,41.004834],[43.591699,40.968213],[43.631641,40.929004],[43.696484,40.794141],[43.722656,40.719531],[43.712891,40.647754],[43.667871,40.574072],[43.569336,40.482373],[43.59375,40.444043],[43.61582,40.393311],[43.608398,40.356592],[43.678125,40.239307],[43.709863,40.166504],[43.683301,40.149658],[43.666211,40.126367],[43.791699,40.070264],[43.941992,40.023145],[44.005371,40.014111],[44.178027,40.035742],[44.289258,40.040381],[44.399609,39.995752],[44.560449,39.887598],[44.733789,39.746484],[44.768262,39.703516],[44.783398,39.684668],[44.817188,39.650439],[44.782129,39.651074],[44.725,39.681738],[44.587109,39.768555],[44.516699,39.73125],[44.455957,39.666748],[44.389355,39.422119],[44.335449,39.396045],[44.24043,39.396777],[44.124023,39.405225],[44.043945,39.392969],[44.023242,39.377441],[44.033789,39.351025],[44.05752,39.31084],[44.074316,39.259961],[44.079102,39.218311],[44.121289,39.180615],[44.178027,39.144824],[44.180566,39.108057],[44.171875,39.05625],[44.158789,39.016748],[44.144531,38.994385],[44.170801,38.934375],[44.232422,38.863232],[44.27168,38.836035],[44.257031,38.700635],[44.280176,38.640674],[44.297852,38.557812],[44.29082,38.420117],[44.298535,38.386279],[44.319629,38.374707],[44.375781,38.36958],[44.430859,38.356787],[44.449902,38.334229],[44.449609,38.317773],[44.380859,38.25459],[44.372754,38.209717],[44.348926,38.146484],[44.329395,38.109277],[44.267969,38.038818],[44.228906,37.967187],[44.211328,37.908057],[44.222949,37.880176],[44.33623,37.871777],[44.397754,37.829248],[44.56123,37.744629],[44.589941,37.710352],[44.545313,37.658154],[44.546094,37.636328],[44.567188,37.608643],[44.577148,37.560205],[44.573145,37.506396],[44.574023,37.4354],[44.604102,37.42373],[44.715137,37.357129],[44.794141,37.290381],[44.796777,37.269775],[44.758301,37.21709],[44.766699,37.156348],[44.765137,37.142432],[44.730957,37.165283],[44.669336,37.173584],[44.605957,37.176025],[44.566016,37.158252],[44.495996,37.110547],[44.401953,37.058496],[44.325586,37.010742],[44.281836,36.978027],[44.245703,36.983301],[44.21748,37.011865],[44.20166,37.051807],[44.208398,37.202637],[44.191797,37.249854],[44.15625,37.282959],[44.114453,37.301855],[44.064648,37.312451],[44.013184,37.313525],[43.940039,37.269287],[43.836426,37.223535],[43.675781,37.227246],[43.567969,37.23584],[43.51582,37.244531],[43.306738,37.314648],[43.263086,37.316504],[43.185156,37.344873],[43.09248,37.367383],[42.936621,37.324756],[42.869141,37.334912],[42.774609,37.371875],[42.741113,37.361914],[42.635449,37.249268],[42.455859,37.128711],[42.358984,37.108594],[42.312891,37.22959],[42.268555,37.276562],[42.247559,37.282227],[42.202734,37.297266],[42.167871,37.288623],[42.059863,37.206055],[41.886816,37.156396],[41.743555,37.126123],[41.515527,37.08916],[41.339551,37.070801],[41.264648,37.069336],[41.102148,37.085889],[40.958887,37.10918],[40.815625,37.108154],[40.705664,37.097705],[40.450391,37.008887],[40.016406,36.826074],[39.686523,36.738623],[39.501465,36.702246],[39.356641,36.681592],[39.108398,36.680566],[38.906445,36.694678],[38.766602,36.693115],[38.688867,36.715088],[38.578027,36.789111],[38.44375,36.862256],[38.383984,36.879248],[38.305859,36.893359],[38.191699,36.901562],[37.906641,36.794629],[37.817969,36.765576],[37.720313,36.743701],[37.523535,36.67832],[37.436328,36.643311],[37.327051,36.646582],[37.187402,36.655908],[37.066211,36.652637],[36.985352,36.702393],[36.941797,36.758398],[36.776563,36.792676],[36.658594,36.802539],[36.628418,36.777686],[36.596875,36.701367],[36.54668,36.506348],[36.5375,36.457422],[36.641406,36.263525],[36.636719,36.233984],[36.562402,36.223926],[36.477051,36.220703],[36.421484,36.203467],[36.375391,36.17124],[36.347559,36.003516],[36.248828,35.972705],[36.201953,35.937549],[36.153613,35.833887],[36.127344,35.831445],[35.967578,35.910059],[35.892676,35.916553],[35.956934,35.998145],[35.887109,36.159082],[35.810938,36.309863],[35.882812,36.406348],[36.031738,36.522705],[36.188477,36.658984],[36.188184,36.743066],[36.180078,36.807227],[36.135156,36.851611],[36.048926,36.910596],[35.90459,36.847607],[35.801563,36.778076],[35.734277,36.763965],[35.661133,36.724316],[35.625586,36.652783],[35.537402,36.597021],[35.393164,36.575195],[35.176172,36.634863],[34.943164,36.725684],[34.81123,36.799268],[34.703613,36.816797],[34.601367,36.784473],[34.299609,36.604199],[34.023438,36.340771],[33.954883,36.295215],[33.694727,36.181982],[33.522754,36.143994],[33.441797,36.152832],[33.099512,36.102979],[32.929492,36.095703],[32.794824,36.035889],[32.533789,36.100732],[32.377734,36.183643],[32.283789,36.267871],[32.130566,36.449121],[32.021973,36.535303],[31.77793,36.612793],[31.352539,36.801074],[31.240625,36.821729],[30.950293,36.848682],[30.644043,36.865674],[30.582031,36.797168],[30.558496,36.52583],[30.506055,36.451123],[30.483594,36.3104],[30.446094,36.269873],[30.387305,36.243262],[30.29541,36.287695],[30.231641,36.307324],[30.083203,36.249365],[29.789258,36.168066],[29.689063,36.156689],[29.34834,36.258838],[29.223633,36.324463],[29.143262,36.397217],[29.116113,36.520117],[29.065527,36.590088],[29.058105,36.638135],[29.038281,36.693457],[28.969629,36.715332],[28.895898,36.673584],[28.816895,36.675293],[28.717676,36.700879],[28.483594,36.803809],[28.303711,36.811963],[28.195605,36.686328],[28.111523,36.646387],[28.019434,36.634473],[28.01416,36.670215],[28.083984,36.751465],[27.803809,36.736475],[27.655859,36.674609],[27.54043,36.684229],[27.453906,36.712158],[27.466895,36.746338],[27.554688,36.758887],[27.630859,36.78667],[27.934473,36.809277],[28.005371,36.831982],[28.083008,36.920264],[28.224414,36.996387],[28.242383,37.029053],[28.133691,37.029492],[27.668359,37.007422],[27.348926,37.01958],[27.311035,36.981885],[27.262988,36.976562],[27.249707,37.07915],[27.300195,37.126855],[27.368164,37.122412],[27.535059,37.163867],[27.520117,37.249121],[27.400586,37.306738],[27.37627,37.340723],[27.289551,37.348682],[27.219238,37.38916],[27.203906,37.491406],[27.147949,37.603613],[27.067969,37.65791],[27.077832,37.687695],[27.224414,37.725439],[27.254785,37.882324],[27.232422,37.978662],[27.158691,37.986865],[26.943848,38.062891],[26.878613,38.054785],[26.807422,38.13833],[26.682813,38.19834],[26.621094,38.176367],[26.582422,38.149268],[26.524707,38.162256],[26.42793,38.214355],[26.33291,38.24248],[26.290723,38.277197],[26.343652,38.370068],[26.416406,38.367871],[26.429688,38.440625],[26.372266,38.561914],[26.377832,38.62417],[26.441309,38.641211],[26.513574,38.629492],[26.586523,38.557031],[26.610352,38.486914],[26.59502,38.418604],[26.641309,38.352441],[26.674219,38.335742],[26.696387,38.405371],[26.727344,38.418604],[26.769922,38.388184],[26.861426,38.372949],[27.098633,38.415723],[27.144238,38.451953],[26.97041,38.447852],[26.906836,38.481738],[26.837793,38.557568],[26.795313,38.626416],[26.787695,38.660205],[26.763672,38.709619],[26.790137,38.736084],[26.90918,38.775781],[27.013672,38.886865],[26.970117,38.919043],[26.920313,38.934229],[26.866211,38.922949],[26.814941,38.960986],[26.808301,39.013916],[26.849316,39.056738],[26.853613,39.115625],[26.719336,39.260645],[26.681836,39.292236],[26.710742,39.339648],[26.813281,39.419043],[26.910938,39.517334],[26.899219,39.549658],[26.827051,39.562891],[26.484082,39.520703],[26.350781,39.484082],[26.113086,39.467383],[26.095996,39.520801],[26.101367,39.568945],[26.154688,39.656641],[26.149805,39.872852],[26.181348,39.990088],[26.313379,40.025],[26.475391,40.197266],[26.738086,40.400244],[27.012109,40.396338],[27.12168,40.452344],[27.28457,40.455615],[27.31416,40.414893],[27.332617,40.375928],[27.475586,40.319922],[27.728027,40.328809],[27.789355,40.350879],[27.848535,40.381738],[27.731836,40.481494],[27.769141,40.509619],[27.874902,40.512939],[27.989551,40.489453],[27.994824,40.466602],[27.964355,40.435303],[27.928906,40.38042],[27.962598,40.369873],[28.289062,40.403027],[28.630273,40.376465],[28.738867,40.390869],[29.007129,40.389746],[29.055176,40.42417],[28.974023,40.467383],[28.894629,40.482422],[28.841211,40.503467],[28.787891,40.534033],[28.958008,40.630566],[29.054102,40.649121],[29.507617,40.708398],[29.844922,40.738086],[29.849219,40.760107],[29.800586,40.760156],[29.364746,40.809277],[29.259766,40.847314],[29.113867,40.937842],[29.082227,40.963428],[29.045508,41.007568],[29.067383,41.10166],[29.094336,41.177246],[29.148145,41.221045],[29.322266,41.227734],[29.919336,41.15083],[30.344922,41.196924],[30.810059,41.084863],[31.254883,41.107617],[31.34668,41.15791],[31.458008,41.32002],[32.086426,41.589209],[32.306445,41.72959],[32.542188,41.806396],[32.94668,41.891748],[33.284766,42.00459],[33.381348,42.017578],[34.192969,41.963672],[34.750488,41.956836],[35.006445,42.063281],[35.154883,42.027539],[35.141016,41.989502],[35.114063,41.956982],[35.12207,41.891113],[35.20918,41.794385],[35.297754,41.728516],[35.558008,41.634033],[35.919824,41.713721],[35.978125,41.704834],[36.051758,41.682568],[36.179199,41.426562],[36.278418,41.336133],[36.405371,41.274609],[36.509668,41.2625],[36.587109,41.32666],[36.64707,41.352539],[36.777734,41.363477],[36.991992,41.275391],[37.066211,41.184424],[37.430957,41.114111],[37.765625,41.078906],[37.910059,41.001904],[38.381055,40.924512],[38.556934,40.936523],[38.852148,41.017676],[39.426367,41.106445],[39.80791,40.98252],[39.911133,40.966455],[40.000195,40.977148],[40.128418,40.943018],[40.265234,40.961328],[40.6875,41.107422],[40.819531,41.190234],[40.959473,41.211621],[41.083594,41.261182],[41.414355,41.423633],[41.510059,41.51748]]],[[[28.014453,41.969043],[27.987305,41.854883],[28.050293,41.72915],[28.197852,41.554492],[28.346387,41.466357],[28.946777,41.248389],[29.057227,41.229736],[29.032129,41.140479],[28.995996,41.061133],[28.95625,41.008203],[28.780371,40.97417],[28.294922,41.071484],[28.172168,41.080713],[28.085547,41.061328],[27.925195,40.990576],[27.747363,41.013281],[27.499414,40.973145],[27.430176,40.839941],[27.258008,40.687354],[26.974609,40.564014],[26.77207,40.498047],[26.467969,40.261475],[26.32998,40.123389],[26.271777,40.096582],[26.202734,40.075391],[26.225977,40.141699],[26.260156,40.202393],[26.252344,40.248145],[26.253809,40.314697],[26.355273,40.390234],[26.447461,40.44502],[26.720313,40.544238],[26.79209,40.626611],[26.578125,40.624658],[26.360938,40.606348],[26.224219,40.618066],[26.105469,40.611328],[26.067773,40.683398],[26.038965,40.726758],[26.069727,40.740283],[26.10918,40.749658],[26.178906,40.826514],[26.241211,40.883203],[26.331055,40.954492],[26.354102,40.99707],[26.354102,41.036768],[26.332617,41.064307],[26.328418,41.097021],[26.325684,41.143262],[26.330664,41.23877],[26.536426,41.343115],[26.602344,41.35415],[26.624902,41.401758],[26.609766,41.512158],[26.581348,41.60127],[26.544531,41.607227],[26.49502,41.633252],[26.4625,41.663379],[26.410547,41.696338],[26.320898,41.716553],[26.317969,41.744678],[26.327246,41.772803],[26.360352,41.801562],[26.511426,41.826367],[26.529297,41.84668],[26.549707,41.896729],[26.579688,41.947949],[26.615332,41.964893],[26.679199,41.96333],[26.800391,41.975146],[26.884863,41.991846],[26.96875,42.026855],[27.011719,42.058643],[27.193359,42.0771],[27.244336,42.093262],[27.294922,42.079541],[27.362891,42.025049],[27.474805,41.946875],[27.534863,41.920801],[27.579883,41.93291],[27.661133,41.961328],[27.738867,41.961523],[27.80166,41.956543],[27.831934,41.981299],[27.879199,41.986621],[28.014453,41.969043]]]]}},{"type":"Feature","properties":{"iso":"UA","name":"Ukraine"},"geometry":{"type":"MultiPolygon","coordinates":[[[[38.214355,47.091455],[38.17832,47.080225],[37.828711,47.09585],[37.761147,47.090809],[37.543359,47.074561],[37.339844,46.916895],[37.218555,46.917334],[37.047559,46.876221],[36.932031,46.825146],[36.794824,46.714404],[36.688672,46.764111],[36.558789,46.762695],[36.432031,46.732568],[36.279492,46.658594],[36.194629,46.645508],[36.024902,46.666797],[35.827148,46.624316],[35.400195,46.381396],[35.256641,46.203906],[35.204395,46.169189],[35.132324,46.125879],[35.055273,46.104004],[35.014551,46.106006],[35.217773,46.232178],[35.280176,46.279492],[35.290918,46.314404],[35.291992,46.370703],[35.230371,46.440625],[35.064063,46.267236],[34.969531,46.24209],[34.849609,46.189893],[34.84375,46.073584],[34.857324,45.987354],[34.906641,45.878809],[35.001674,45.733383],[34.946428,45.728686],[34.799726,45.790752],[34.794084,45.892315],[34.686878,45.97695],[34.523249,45.97695],[34.449898,45.965666],[34.353978,46.061586],[34.224203,46.101083],[34.128283,46.089798],[34.02672,46.106725],[33.806667,46.208288],[33.659965,46.219573],[33.654323,46.146222],[33.594141,46.09624],[33.498828,46.078857],[33.429883,46.057617],[33.263477,46.125684],[33.202246,46.175732],[32.941797,46.123779],[32.796875,46.131494],[32.476758,46.083691],[32.329883,46.130371],[32.035742,46.260986],[31.925195,46.287256],[31.83125,46.281689],[31.77998,46.324658],[31.842871,46.346143],[31.915918,46.348682],[31.991699,46.364404],[32.013086,46.387158],[32.008496,46.42998],[31.855762,46.462451],[31.713672,46.471777],[31.623633,46.510254],[31.554883,46.554297],[31.716016,46.55498],[31.87793,46.52168],[32.131445,46.509375],[32.361328,46.474951],[32.418945,46.517773],[32.552539,46.591992],[32.578027,46.615625],[32.354102,46.564844],[32.127246,46.597217],[32.044336,46.64248],[31.974316,46.708789],[31.944922,46.784375],[31.964063,46.854834],[31.939551,46.981982],[31.864746,47.095117],[31.838184,47.157227],[31.75918,47.212842],[31.836914,47.087012],[31.865918,47.003271],[31.912695,46.926123],[31.90166,46.721631],[31.872852,46.649756],[31.77959,46.631641],[31.657031,46.642432],[31.532129,46.664746],[31.563379,46.777295],[31.496875,46.738379],[31.40293,46.628809],[31.320313,46.6125],[31.136816,46.624463],[30.796289,46.552002],[30.772852,46.473047],[30.72168,46.366211],[30.672266,46.304004],[30.656738,46.266504],[30.511523,46.105371],[30.492969,46.090137],[30.219043,45.866748],[30.18418,45.849951],[30.006641,45.797949],[29.90166,45.752393],[29.821191,45.73208],[29.685059,45.754688],[29.628418,45.722461],[29.60166,45.68252],[29.601172,45.6],[29.670313,45.540674],[29.726953,45.343311],[29.705859,45.259912],[29.651953,45.313916],[29.567676,45.370801],[29.403711,45.419678],[29.223535,45.40293],[29.027441,45.320557],[28.894336,45.289941],[28.824316,45.311084],[28.781738,45.309863],[28.766602,45.28623],[28.769824,45.266895],[28.791406,45.251904],[28.788281,45.240967],[28.760742,45.234131],[28.45127,45.292187],[28.317676,45.347119],[28.2125,45.450439],[28.264844,45.483887],[28.310352,45.498584],[28.471387,45.507178],[28.499023,45.517725],[28.501758,45.541553],[28.51377,45.572412],[28.509473,45.617822],[28.491602,45.665771],[28.562305,45.735791],[28.667578,45.793848],[28.729297,45.852002],[28.73877,45.937158],[28.849512,45.978662],[28.947754,46.049951],[28.971875,46.127637],[29.00625,46.176465],[28.94375,46.288428],[28.930566,46.362256],[28.927441,46.424121],[28.958398,46.458496],[29.049902,46.497021],[29.146289,46.526904],[29.18623,46.523975],[29.200781,46.50498],[29.20459,46.379346],[29.223828,46.376953],[29.25459,46.392627],[29.304883,46.466602],[29.339551,46.445068],[29.392871,46.436914],[29.432813,46.455957],[29.458789,46.45376],[29.491016,46.434668],[29.555078,46.407764],[29.614941,46.398828],[29.664551,46.416748],[29.706836,46.44873],[29.751953,46.437793],[29.837891,46.350537],[29.878027,46.360205],[30.075684,46.377832],[30.10752,46.401562],[30.131055,46.423096],[29.924316,46.538867],[29.934766,46.625],[29.94248,46.723779],[29.918066,46.782422],[29.877832,46.828906],[29.719727,46.88291],[29.597754,46.938818],[29.571973,46.964014],[29.568652,46.996729],[29.563477,47.04751],[29.515039,47.091113],[29.510938,47.128027],[29.541797,47.185547],[29.549316,47.246826],[29.53916,47.270996],[29.510645,47.290723],[29.455664,47.292627],[29.383398,47.328027],[29.333789,47.375732],[29.200586,47.444482],[29.159766,47.455664],[29.134863,47.489697],[29.122949,47.530371],[29.150879,47.580859],[29.186035,47.658594],[29.210742,47.731543],[29.211133,47.775],[29.194824,47.882422],[29.125391,47.964551],[29.092969,47.975439],[29.036914,47.952344],[28.97334,47.933008],[28.923145,47.951123],[28.86582,47.995654],[28.773828,48.11958],[28.60166,48.144385],[28.530469,48.150293],[28.463086,48.090527],[28.441992,48.108691],[28.423047,48.146875],[28.3875,48.162109],[28.340527,48.144434],[28.326953,48.161426],[28.347168,48.213037],[28.291016,48.238574],[28.158789,48.237988],[28.088477,48.257031],[28.080078,48.295801],[28.038477,48.321289],[27.963379,48.333545],[27.890625,48.365234],[27.82002,48.41626],[27.714453,48.449512],[27.57373,48.464893],[27.562207,48.47041],[27.549219,48.477734],[27.458398,48.443066],[27.403809,48.415625],[27.336914,48.432715],[27.228516,48.371436],[27.008496,48.368262],[26.900586,48.371924],[26.84707,48.387158],[26.64043,48.294141],[26.618945,48.259863],[26.572461,48.248486],[26.442383,48.22998],[26.305664,48.20376],[26.276953,48.113232],[26.23623,48.064355],[26.162695,47.992529],[25.908691,47.967578],[25.689258,47.932471],[25.464258,47.910791],[25.169629,47.823096],[25.073828,47.745703],[24.979102,47.724121],[24.893359,47.717773],[24.837891,47.76084],[24.650977,47.876514],[24.578906,47.931055],[24.484082,47.947119],[24.380957,47.938037],[24.281934,47.911182],[24.177734,47.906055],[24.059766,47.944775],[24.047363,47.941016],[24.001855,47.935791],[23.708984,47.982617],[23.682031,47.990381],[23.669043,47.992334],[23.628711,47.99585],[23.408203,47.98999],[23.202637,48.084521],[23.139453,48.087402],[23.09082,48.049121],[23.054785,48.006543],[22.912891,47.964258],[22.87666,47.947266],[22.856055,47.960303],[22.846484,47.99707],[22.857227,48.029541],[22.83623,48.060303],[22.782227,48.095215],[22.769141,48.109619],[22.701563,48.107031],[22.683105,48.103613],[22.676367,48.104395],[22.582422,48.134033],[22.520117,48.205371],[22.423828,48.243311],[22.350195,48.256055],[22.316699,48.286621],[22.295117,48.327295],[22.272168,48.358008],[22.269434,48.360889],[22.253711,48.407373],[22.231152,48.412158],[22.227148,48.413428],[22.131836,48.405322],[22.142871,48.568506],[22.295215,48.68584],[22.332617,48.745068],[22.389453,48.873486],[22.432031,48.933545],[22.483203,48.983252],[22.524121,49.031396],[22.538672,49.072705],[22.57998,49.077197],[22.70127,49.039941],[22.809766,49.020752],[22.839746,49.038916],[22.852051,49.062744],[22.84707,49.08125],[22.760156,49.13623],[22.705664,49.171191],[22.702344,49.192725],[22.721973,49.240967],[22.732422,49.295166],[22.719922,49.353809],[22.660645,49.483691],[22.649414,49.539014],[22.706152,49.606201],[22.890723,49.76626],[22.952246,49.826367],[23.036328,49.899072],[23.264453,50.072852],[23.408594,50.173926],[23.506152,50.229834],[23.649023,50.327051],[23.711719,50.377344],[23.972656,50.410059],[24.00498,50.457031],[24.052637,50.508447],[24.089941,50.530469],[24.094727,50.617041],[24.046289,50.722803],[24.007324,50.760156],[23.978418,50.785596],[23.99707,50.809375],[24.025977,50.816162],[24.061621,50.819531],[24.105762,50.844971],[24.095801,50.872754],[23.985742,50.94043],[23.938086,50.992529],[23.863477,51.126221],[23.712207,51.265137],[23.664453,51.310059],[23.657617,51.35249],[23.679688,51.394922],[23.658887,51.448975],[23.605273,51.51792],[23.61377,51.525391],[23.608594,51.610498],[23.64668,51.628857],[23.706836,51.641309],[23.791699,51.637109],[23.864258,51.623975],[23.951172,51.585059],[23.97832,51.591309],[24.126855,51.664648],[24.280078,51.774707],[24.32373,51.838428],[24.361914,51.867529],[24.495215,51.883057],[24.611328,51.889502],[24.685156,51.888281],[24.866406,51.899121],[24.973828,51.911133],[25.066699,51.930518],[25.267188,51.937744],[25.580273,51.924756],[25.785742,51.923828],[25.925293,51.913525],[26.26709,51.855029],[26.394336,51.844434],[26.453418,51.813428],[26.566895,51.801904],[26.773438,51.770703],[26.952832,51.754004],[27.074121,51.76084],[27.141992,51.752051],[27.270117,51.613574],[27.296289,51.597412],[27.347656,51.594141],[27.452344,51.606104],[27.601367,51.601611],[27.689746,51.572412],[27.676758,51.489941],[27.7,51.477979],[27.741309,51.482568],[27.788867,51.52915],[27.828809,51.577441],[27.858594,51.592383],[28.010742,51.559766],[28.080273,51.565039],[28.144434,51.60166],[28.183789,51.607861],[28.291602,51.581836],[28.424609,51.563623],[28.532031,51.562451],[28.599023,51.542627],[28.647754,51.456543],[28.690234,51.438867],[28.73125,51.433398],[28.793262,51.510352],[28.849512,51.540186],[28.927539,51.562158],[28.977734,51.571777],[29.013086,51.598926],[29.060742,51.625439],[29.102051,51.627539],[29.135645,51.617285],[29.174219,51.580615],[29.230469,51.497021],[29.298828,51.413037],[29.346484,51.382568],[29.469629,51.40835],[29.553125,51.43457],[29.706055,51.439551],[29.908789,51.458008],[30.06377,51.482031],[30.160742,51.477881],[30.219531,51.451221],[30.308984,51.399609],[30.333398,51.325537],[30.449512,51.274316],[30.544531,51.265039],[30.576953,51.318359],[30.63252,51.35542],[30.611719,51.406348],[30.602344,51.47124],[30.560742,51.531494],[30.533008,51.596338],[30.583887,51.688965],[30.639453,51.770068],[30.667285,51.814111],[30.755273,51.895166],[30.845703,51.953076],[30.980664,52.046191],[31.079297,52.076953],[31.168457,52.062939],[31.217969,52.050244],[31.345996,52.105371],[31.57373,52.108105],[31.763379,52.101074],[31.782422,52.099414],[31.875586,52.070898],[31.973828,52.046631],[32.041602,52.04502],[32.122266,52.050586],[32.216797,52.082959],[32.282813,52.114014],[32.362988,52.272119],[32.391309,52.294824],[32.435449,52.307227],[32.50791,52.308545],[32.64541,52.279102],[32.806445,52.252637],[32.899707,52.256348],[33.148438,52.34043],[33.287109,52.353564],[33.451855,52.333789],[33.613379,52.332617],[33.735254,52.344775],[33.818848,52.315625],[33.92207,52.251465],[34.015332,52.155957],[34.113086,51.979639],[34.397852,51.78042],[34.402734,51.741504],[34.379297,51.716504],[34.23916,51.692236],[34.121094,51.67915],[34.11543,51.644971],[34.146777,51.607959],[34.200879,51.553809],[34.209277,51.484082],[34.206543,51.419922],[34.229883,51.363232],[34.275,51.340186],[34.280664,51.31167],[34.228418,51.276855],[34.213867,51.255371],[34.23418,51.243799],[34.491016,51.237061],[34.616797,51.203125],[34.712305,51.172217],[34.760352,51.169336],[34.868555,51.189209],[34.990234,51.201758],[35.064063,51.203418],[35.092578,51.180664],[35.115332,51.12085],[35.158105,51.060986],[35.198047,51.043896],[35.269141,51.046777],[35.311914,51.043896],[35.334766,51.021143],[35.309082,50.986914],[35.314746,50.949902],[35.346094,50.904297],[35.383203,50.798926],[35.417383,50.767578],[35.440137,50.727686],[35.440137,50.68208],[35.411621,50.642236],[35.391699,50.610937],[35.411621,50.539697],[35.488477,50.459912],[35.545508,50.43999],[35.591113,50.36875],[35.67373,50.345996],[35.796191,50.405762],[35.890234,50.437109],[36.007812,50.419678],[36.116406,50.408545],[36.189453,50.367822],[36.243359,50.311768],[36.306055,50.280469],[36.368848,50.296826],[36.499805,50.280469],[36.559668,50.234863],[36.619434,50.209229],[36.696387,50.24624],[36.759082,50.291846],[36.988477,50.339551],[37.13125,50.351514],[37.171094,50.360889],[37.254883,50.394971],[37.343164,50.417627],[37.422852,50.411475],[37.501367,50.340723],[37.582324,50.291846],[37.605078,50.214941],[37.704199,50.109082],[37.950293,49.964209],[38.046875,49.92002],[38.1125,49.927832],[38.146777,49.939404],[38.162695,49.954541],[38.177539,50.025391],[38.208691,50.051465],[38.258594,50.052344],[38.451172,49.964062],[38.551953,49.95459],[38.647754,49.952881],[38.77666,49.884326],[38.918359,49.824707],[39.027734,49.818408],[39.114941,49.841748],[39.174805,49.855957],[39.211816,49.833203],[39.245996,49.781934],[39.30293,49.742041],[39.368457,49.730664],[39.462793,49.728027],[39.626563,49.650684],[39.780566,49.572021],[39.876855,49.567676],[39.958496,49.590771],[40.030664,49.596729],[40.080664,49.576855],[40.094922,49.542676],[40.057813,49.49707],[40.057813,49.431543],[40.126172,49.368848],[40.12832,49.307227],[40.108789,49.251562],[40.07002,49.200293],[39.976367,49.129834],[39.889746,49.064062],[39.759473,49.036572],[39.686523,49.00791],[39.705664,48.95957],[39.75332,48.914453],[39.86377,48.877979],[39.98916,48.851416],[40.003613,48.82207],[39.984473,48.807373],[39.904102,48.79375],[39.792871,48.807715],[39.755859,48.78208],[39.70459,48.739355],[39.67041,48.662451],[39.644727,48.591211],[39.76543,48.571875],[39.835645,48.542773],[39.85752,48.484229],[39.882617,48.419092],[39.889844,48.360449],[39.849902,48.331934],[39.847461,48.302783],[39.866309,48.288428],[39.918164,48.281934],[39.95791,48.268896],[39.961035,48.237939],[39.885059,48.168359],[39.813965,48.035303],[39.775781,47.964453],[39.778711,47.887549],[39.735938,47.844824],[39.658496,47.841211],[39.391016,47.83374],[39.158496,47.837402],[39.057813,47.848486],[38.900293,47.855127],[38.822266,47.837012],[38.718945,47.714111],[38.640625,47.665918],[38.510938,47.622412],[38.368848,47.609961],[38.287402,47.55918],[38.258789,47.479541],[38.256543,47.408936],[38.243262,47.373682],[38.212402,47.342773],[38.201367,47.320801],[38.208008,47.296533],[38.241016,47.287695],[38.280762,47.27666],[38.280762,47.259033],[38.265332,47.236963],[38.221191,47.212744],[38.201367,47.175244],[38.205859,47.135596],[38.214355,47.091455]]],[[[32.012207,46.203906],[32.150098,46.154687],[32.009375,46.167822],[31.700195,46.214062],[31.563867,46.257764],[31.528711,46.306592],[31.508789,46.373145],[31.584863,46.303174],[31.638477,46.272559],[32.012207,46.203906]]]]}},{"type":"Feature","properties":{"iso":"RO","name":"Romania"},"geometry":{"type":"Polygon","coordinates":[[[28.2125,45.450439],[28.317676,45.347119],[28.45127,45.292187],[28.760742,45.234131],[28.788281,45.240967],[28.791406,45.251904],[28.769824,45.266895],[28.766602,45.28623],[28.781738,45.309863],[28.824316,45.311084],[28.894336,45.289941],[29.027441,45.320557],[29.223535,45.40293],[29.403711,45.419678],[29.567676,45.370801],[29.651953,45.313916],[29.705859,45.259912],[29.689063,45.193213],[29.678613,45.15166],[29.635352,44.979639],[29.605469,44.915479],[29.55752,44.843408],[29.048242,44.757568],[29.081055,44.798828],[29.069141,44.871143],[29.047754,44.925684],[29.095313,44.975049],[28.980664,44.99292],[28.930566,44.96582],[28.891504,44.918652],[28.926172,44.81001],[28.87041,44.749951],[28.849023,44.716309],[28.846484,44.636865],[28.813574,44.60249],[28.807031,44.565039],[28.888184,44.574756],[28.851758,44.506104],[28.699219,44.374219],[28.64541,44.295654],[28.658594,43.983838],[28.590723,43.797412],[28.585352,43.742236],[28.423438,43.740479],[28.375195,43.744775],[28.221973,43.772852],[28.05,43.822412],[27.948926,43.918604],[27.884277,43.987354],[27.738574,43.956299],[27.710742,43.9646],[27.670898,43.997803],[27.561035,44.020068],[27.425391,44.020508],[27.120703,44.146143],[27.086914,44.167383],[26.847754,44.146191],[26.489258,44.083984],[26.21582,44.007275],[25.933398,43.870557],[25.818848,43.766846],[25.686133,43.711768],[25.49707,43.670801],[25.159668,43.686328],[24.808203,43.738428],[24.430566,43.794385],[24.226758,43.763477],[23.950781,43.78667],[23.53457,43.853564],[23.224609,43.873877],[22.919043,43.834473],[22.867676,43.864551],[22.856445,43.899023],[22.868262,43.9479],[22.911328,43.987207],[22.985352,44.016992],[23.024414,44.047217],[23.028516,44.077979],[22.94541,44.127295],[22.775195,44.195215],[22.705078,44.237793],[22.687891,44.248291],[22.683301,44.286475],[22.647949,44.316455],[22.581836,44.33833],[22.530664,44.377979],[22.494531,44.435449],[22.502344,44.4896],[22.554004,44.540332],[22.620117,44.562354],[22.700781,44.555518],[22.734375,44.569922],[22.720898,44.605518],[22.64209,44.650977],[22.497656,44.70625],[22.350684,44.676123],[22.200977,44.560693],[22.093066,44.541943],[22.026953,44.619873],[21.909277,44.666113],[21.740234,44.680664],[21.636133,44.710449],[21.59707,44.75542],[21.523145,44.790088],[21.360059,44.82666],[21.35791,44.861816],[21.384375,44.870068],[21.442188,44.873389],[21.519922,44.880811],[21.532324,44.900684],[21.533203,44.918848],[21.471973,44.941992],[21.409961,44.957715],[21.377734,44.973437],[21.357031,44.990771],[21.35293,45.008984],[21.371094,45.021387],[21.395898,45.022217],[21.420703,45.032959],[21.434473,45.075146],[21.467871,45.109863],[21.491797,45.122266],[21.490234,45.1479],[21.46543,45.171875],[21.431445,45.192529],[21.381738,45.205078],[21.226465,45.241309],[21.147852,45.291748],[21.099902,45.293555],[21.023828,45.321533],[20.941797,45.365332],[20.870801,45.427539],[20.794043,45.467871],[20.774219,45.484424],[20.772461,45.500098],[20.786523,45.51748],[20.786035,45.536475],[20.76582,45.597461],[20.779297,45.662012],[20.775781,45.72251],[20.775,45.749805],[20.760156,45.758105],[20.746875,45.748975],[20.727832,45.737402],[20.709277,45.735254],[20.652734,45.779395],[20.581152,45.869482],[20.532617,45.899512],[20.437988,45.940771],[20.358594,45.975488],[20.301367,46.050684],[20.241797,46.108594],[20.280957,46.133008],[20.508105,46.166943],[20.613672,46.133496],[20.661035,46.145654],[20.707422,46.172803],[20.732715,46.194434],[20.737402,46.21748],[20.760254,46.24624],[20.837012,46.259717],[21.039844,46.242236],[21.12168,46.282422],[21.151953,46.304346],[21.17041,46.352686],[21.191797,46.391553],[21.264551,46.412305],[21.263281,46.447754],[21.252246,46.486377],[21.294531,46.572461],[21.320215,46.607812],[21.361328,46.620752],[21.411035,46.647852],[21.49707,46.704297],[21.477051,46.753369],[21.494434,46.789746],[21.58418,46.878369],[21.652637,46.96377],[21.651465,47.006543],[21.661426,47.043896],[21.721777,47.084814],[21.785449,47.138135],[21.869336,47.30459],[21.899219,47.332568],[21.954297,47.364258],[21.995313,47.395703],[21.999707,47.505029],[22.037988,47.536621],[22.111914,47.572021],[22.185059,47.629053],[22.244629,47.696387],[22.290625,47.727832],[22.351465,47.73623],[22.41748,47.762646],[22.491406,47.772559],[22.562891,47.75957],[22.608398,47.766309],[22.676758,47.799023],[22.851758,47.922559],[22.87666,47.947266],[22.912891,47.964258],[23.054785,48.006543],[23.09082,48.049121],[23.139453,48.087402],[23.202637,48.084521],[23.408203,47.98999],[23.628711,47.99585],[23.669043,47.992334],[23.682031,47.990381],[23.708984,47.982617],[24.001855,47.935791],[24.047363,47.941016],[24.059766,47.944775],[24.177734,47.906055],[24.281934,47.911182],[24.380957,47.938037],[24.484082,47.947119],[24.578906,47.931055],[24.650977,47.876514],[24.837891,47.76084],[24.893359,47.717773],[24.979102,47.724121],[25.073828,47.745703],[25.169629,47.823096],[25.464258,47.910791],[25.689258,47.932471],[25.908691,47.967578],[26.162695,47.992529],[26.23623,48.064355],[26.276953,48.113232],[26.305664,48.20376],[26.442383,48.22998],[26.572461,48.248486],[26.618945,48.259863],[26.71377,48.263477],[26.787305,48.255811],[26.900977,48.211133],[26.980762,48.155029],[27.012207,48.110498],[27.080371,48.047656],[27.152051,47.959277],[27.230859,47.841748],[27.248145,47.782227],[27.27793,47.717969],[27.336914,47.639746],[27.449219,47.553125],[27.464844,47.53667],[27.51582,47.475635],[27.614063,47.340527],[27.696191,47.286426],[27.767969,47.227588],[27.802344,47.168311],[27.853809,47.114502],[27.974219,47.043213],[28.071777,46.978418],[28.15,46.79209],[28.204688,46.706396],[28.239453,46.64082],[28.222656,46.508057],[28.244336,46.45127],[28.199609,46.347559],[28.119141,46.138672],[28.099707,45.972607],[28.113574,45.883057],[28.115527,45.825537],[28.134961,45.788867],[28.15625,45.713086],[28.159766,45.647119],[28.130859,45.628271],[28.090332,45.612744],[28.074707,45.598975],[28.111914,45.569141],[28.1625,45.51377],[28.2125,45.450439]]]}},{"type":"Feature","properties":{"iso":"MD","name":"Moldova"},"geometry":{"type":"Polygon","coordinates":[[[26.618945,48.259863],[26.64043,48.294141],[26.84707,48.387158],[26.900586,48.371924],[27.008496,48.368262],[27.228516,48.371436],[27.336914,48.432715],[27.403809,48.415625],[27.458398,48.443066],[27.549219,48.477734],[27.562207,48.47041],[27.57373,48.464893],[27.714453,48.449512],[27.82002,48.41626],[27.890625,48.365234],[27.963379,48.333545],[28.038477,48.321289],[28.080078,48.295801],[28.088477,48.257031],[28.158789,48.237988],[28.291016,48.238574],[28.347168,48.213037],[28.326953,48.161426],[28.340527,48.144434],[28.3875,48.162109],[28.423047,48.146875],[28.441992,48.108691],[28.463086,48.090527],[28.530469,48.150293],[28.60166,48.144385],[28.773828,48.11958],[28.86582,47.995654],[28.923145,47.951123],[28.97334,47.933008],[29.036914,47.952344],[29.092969,47.975439],[29.125391,47.964551],[29.194824,47.882422],[29.211133,47.775],[29.210742,47.731543],[29.186035,47.658594],[29.150879,47.580859],[29.122949,47.530371],[29.134863,47.489697],[29.159766,47.455664],[29.200586,47.444482],[29.333789,47.375732],[29.383398,47.328027],[29.455664,47.292627],[29.510645,47.290723],[29.53916,47.270996],[29.549316,47.246826],[29.541797,47.185547],[29.510938,47.128027],[29.515039,47.091113],[29.563477,47.04751],[29.568652,46.996729],[29.571973,46.964014],[29.597754,46.938818],[29.719727,46.88291],[29.877832,46.828906],[29.918066,46.782422],[29.94248,46.723779],[29.934766,46.625],[29.924316,46.538867],[30.131055,46.423096],[30.10752,46.401562],[30.075684,46.377832],[29.878027,46.360205],[29.837891,46.350537],[29.751953,46.437793],[29.706836,46.44873],[29.664551,46.416748],[29.614941,46.398828],[29.555078,46.407764],[29.491016,46.434668],[29.458789,46.45376],[29.432813,46.455957],[29.392871,46.436914],[29.339551,46.445068],[29.304883,46.466602],[29.25459,46.392627],[29.223828,46.376953],[29.20459,46.379346],[29.200781,46.50498],[29.18623,46.523975],[29.146289,46.526904],[29.049902,46.497021],[28.958398,46.458496],[28.927441,46.424121],[28.930566,46.362256],[28.94375,46.288428],[29.00625,46.176465],[28.971875,46.127637],[28.947754,46.049951],[28.849512,45.978662],[28.73877,45.937158],[28.729297,45.852002],[28.667578,45.793848],[28.562305,45.735791],[28.491602,45.665771],[28.509473,45.617822],[28.51377,45.572412],[28.501758,45.541553],[28.499023,45.517725],[28.471387,45.507178],[28.310352,45.498584],[28.264844,45.483887],[28.2125,45.450439],[28.1625,45.51377],[28.111914,45.569141],[28.074707,45.598975],[28.090332,45.612744],[28.130859,45.628271],[28.159766,45.647119],[28.15625,45.713086],[28.134961,45.788867],[28.115527,45.825537],[28.113574,45.883057],[28.099707,45.972607],[28.119141,46.138672],[28.199609,46.347559],[28.244336,46.45127],[28.222656,46.508057],[28.239453,46.64082],[28.204688,46.706396],[28.15,46.79209],[28.071777,46.978418],[27.974219,47.043213],[27.853809,47.114502],[27.802344,47.168311],[27.767969,47.227588],[27.696191,47.286426],[27.614063,47.340527],[27.51582,47.475635],[27.464844,47.53667],[27.449219,47.553125],[27.336914,47.639746],[27.27793,47.717969],[27.248145,47.782227],[27.230859,47.841748],[27.152051,47.959277],[27.080371,48.047656],[27.012207,48.110498],[26.980762,48.155029],[26.900977,48.211133],[26.787305,48.255811],[26.71377,48.263477],[26.618945,48.259863]]]}},{"type":"Feature","properties":{"iso":"RS","name":"Republic of Serbia"},"geometry":{"type":"Polygon","coordinates":[[[21.360059,44.82666],[21.523145,44.790088],[21.59707,44.75542],[21.636133,44.710449],[21.740234,44.680664],[21.909277,44.666113],[22.026953,44.619873],[22.093066,44.541943],[22.200977,44.560693],[22.350684,44.676123],[22.497656,44.70625],[22.64209,44.650977],[22.720898,44.605518],[22.734375,44.569922],[22.700781,44.555518],[22.620117,44.562354],[22.554004,44.540332],[22.502344,44.4896],[22.494531,44.435449],[22.530664,44.377979],[22.581836,44.33833],[22.647949,44.316455],[22.683301,44.286475],[22.687891,44.248291],[22.705078,44.237793],[22.66748,44.220215],[22.626563,44.194092],[22.603418,44.148584],[22.597461,44.075293],[22.469043,44.018018],[22.420801,44.007422],[22.399023,43.969531],[22.36543,43.862109],[22.369629,43.781299],[22.386914,43.740137],[22.394824,43.706641],[22.436328,43.665479],[22.474121,43.602246],[22.499121,43.518848],[22.55459,43.454492],[22.696973,43.391064],[22.767578,43.35415],[22.819727,43.300732],[22.85957,43.252344],[22.976855,43.187988],[22.967969,43.142041],[22.942285,43.09707],[22.915234,43.075977],[22.856836,43.018262],[22.799902,42.985742],[22.706152,42.883936],[22.558105,42.878467],[22.522754,42.870312],[22.466797,42.84248],[22.439258,42.79165],[22.465625,42.750781],[22.463281,42.709473],[22.43623,42.629102],[22.47207,42.543311],[22.524219,42.503906],[22.532422,42.481201],[22.523535,42.440967],[22.445703,42.359131],[22.42207,42.328857],[22.344043,42.313965],[22.317383,42.321729],[22.277051,42.349854],[22.239746,42.358154],[22.14668,42.325],[22.052051,42.304639],[21.977539,42.320068],[21.904102,42.32207],[21.853027,42.308398],[21.814648,42.303125],[21.739258,42.267725],[21.618262,42.242139],[21.5625,42.24751],[21.541602,42.280811],[21.518945,42.328418],[21.52998,42.35],[21.609863,42.387451],[21.619043,42.423242],[21.730664,42.595459],[21.752148,42.651514],[21.75293,42.669824],[21.723828,42.681982],[21.6625,42.681494],[21.390625,42.751416],[21.403027,42.831543],[21.323145,42.874707],[21.237109,42.913232],[21.222656,42.956201],[21.127051,43.043018],[21.057031,43.091699],[20.967676,43.116016],[20.890723,43.15166],[20.844434,43.173437],[20.823828,43.213965],[20.823828,43.237939],[20.800586,43.261084],[20.763379,43.258594],[20.700586,43.226367],[20.623145,43.198633],[20.609668,43.178418],[20.637598,43.130371],[20.657617,43.099854],[20.648535,43.070947],[20.624023,43.03418],[20.475098,42.953027],[20.458398,42.924561],[20.486816,42.879053],[20.468848,42.85791],[20.344336,42.82793],[20.347656,42.852783],[20.339941,42.892871],[20.268457,42.935449],[20.167871,42.968506],[19.944043,43.081641],[19.858008,43.096533],[19.781152,43.109766],[19.670996,43.163965],[19.614453,43.173437],[19.551563,43.212256],[19.414648,43.342822],[19.298242,43.413965],[19.21875,43.449951],[19.196484,43.48501],[19.191602,43.521045],[19.194336,43.533301],[19.254492,43.584375],[19.300781,43.591797],[19.360352,43.593457],[19.399609,43.567578],[19.45127,43.562061],[19.47998,43.595166],[19.495117,43.642871],[19.488184,43.703564],[19.364063,43.844775],[19.257227,43.943311],[19.24502,43.965039],[19.268066,43.983447],[19.305273,43.993359],[19.345215,43.985107],[19.449414,43.978027],[19.549512,43.987109],[19.583691,44.011084],[19.583789,44.043457],[19.547168,44.073486],[19.430176,44.154492],[19.338867,44.22583],[19.231543,44.280566],[19.151855,44.302539],[19.12832,44.330273],[19.118457,44.359961],[19.127344,44.414551],[19.132422,44.483789],[19.151367,44.527344],[19.223145,44.60957],[19.291895,44.696777],[19.334473,44.780664],[19.356836,44.858545],[19.348633,44.880908],[19.312695,44.897461],[19.236816,44.914258],[19.131543,44.899609],[19.04209,44.871338],[19.007129,44.869189],[18.995508,44.904004],[19.00957,44.919385],[19.037598,44.917529],[19.060547,44.910986],[19.085254,44.926758],[19.1,44.973779],[19.062891,45.137207],[19.129688,45.151709],[19.130762,45.175488],[19.136914,45.19624],[19.205957,45.167773],[19.303027,45.167285],[19.388086,45.172998],[19.400977,45.189062],[19.4,45.2125],[19.382324,45.230615],[19.352246,45.24541],[19.330273,45.268066],[19.272852,45.277979],[19.093066,45.336914],[19.004688,45.399512],[19.007617,45.46582],[19.033301,45.502197],[19.064258,45.51499],[19.055078,45.527246],[18.953711,45.558008],[18.917871,45.60083],[18.947266,45.655811],[18.894531,45.76709],[18.839063,45.835742],[18.893555,45.865527],[18.901074,45.907617],[18.905371,45.931738],[18.927832,45.931396],[19.015723,45.959717],[19.047656,45.982666],[19.066211,46.009521],[19.087305,46.016162],[19.146289,45.987012],[19.208398,45.984424],[19.278125,46.002881],[19.330273,46.028516],[19.392871,46.049805],[19.421289,46.064453],[19.45752,46.087354],[19.530762,46.155176],[19.613477,46.169189],[19.724512,46.151904],[19.844434,46.145898],[19.934082,46.161475],[20.161426,46.141895],[20.210156,46.126025],[20.241797,46.108594],[20.301367,46.050684],[20.358594,45.975488],[20.437988,45.940771],[20.532617,45.899512],[20.581152,45.869482],[20.652734,45.779395],[20.709277,45.735254],[20.727832,45.737402],[20.746875,45.748975],[20.760156,45.758105],[20.775,45.749805],[20.775781,45.72251],[20.779297,45.662012],[20.76582,45.597461],[20.786035,45.536475],[20.786523,45.51748],[20.772461,45.500098],[20.774219,45.484424],[20.794043,45.467871],[20.870801,45.427539],[20.941797,45.365332],[21.023828,45.321533],[21.099902,45.293555],[21.147852,45.291748],[21.226465,45.241309],[21.381738,45.205078],[21.431445,45.192529],[21.46543,45.171875],[21.490234,45.1479],[21.491797,45.122266],[21.467871,45.109863],[21.434473,45.075146],[21.420703,45.032959],[21.395898,45.022217],[21.371094,45.021387],[21.35293,45.008984],[21.357031,44.990771],[21.377734,44.973437],[21.409961,44.957715],[21.471973,44.941992],[21.533203,44.918848],[21.532324,44.900684],[21.519922,44.880811],[21.442188,44.873389],[21.384375,44.870068],[21.35791,44.861816],[21.360059,44.82666]]]}},{"type":"Feature","properties":{"iso":"MK","name":"North Macedonia"},"geometry":{"type":"Polygon","coordinates":[[[21.5625,42.24751],[21.618262,42.242139],[21.739258,42.267725],[21.814648,42.303125],[21.853027,42.308398],[21.904102,42.32207],[21.977539,42.320068],[22.052051,42.304639],[22.14668,42.325],[22.239746,42.358154],[22.277051,42.349854],[22.317383,42.321729],[22.344043,42.313965],[22.498242,42.165088],[22.582715,42.104834],[22.682324,42.059131],[22.796094,42.025684],[22.836816,41.993604],[22.90918,41.835205],[22.943945,41.775098],[22.991992,41.757178],[23.003613,41.739844],[23.005664,41.716943],[22.951465,41.605615],[22.929688,41.356104],[22.916016,41.336279],[22.859277,41.337354],[22.783887,41.331982],[22.755078,41.312744],[22.724805,41.178516],[22.603613,41.140186],[22.493555,41.118506],[22.400781,41.123389],[22.237695,41.155176],[22.184473,41.158643],[22.138867,41.140527],[21.993359,41.130957],[21.929492,41.107422],[21.779492,40.950439],[21.627539,40.896338],[21.575781,40.868945],[21.459668,40.903613],[21.404102,40.907178],[21.32373,40.867139],[21.147559,40.863135],[21.1,40.856152],[20.964258,40.849902],[20.958594,40.871533],[20.933496,40.903125],[20.870215,40.91792],[20.74082,40.905273],[20.709277,40.928369],[20.656055,41.06167],[20.614453,41.083057],[20.567871,41.127832],[20.488965,41.272607],[20.487012,41.336084],[20.492383,41.391406],[20.448633,41.521289],[20.475586,41.554102],[20.516211,41.574756],[20.516602,41.627051],[20.505176,41.706494],[20.553125,41.862354],[20.566211,41.873682],[20.578516,41.866211],[20.694922,41.853809],[20.725,41.873535],[20.744141,41.904297],[20.750391,42.018359],[20.778125,42.071045],[21.059766,42.171289],[21.14248,42.175],[21.206055,42.128955],[21.256348,42.099512],[21.286621,42.100391],[21.297559,42.130078],[21.331738,42.187158],[21.389551,42.219824],[21.56084,42.247656],[21.5625,42.24751]]]}},{"type":"Feature","properties":{"iso":"AL","name":"Albania"},"geometry":{"type":"Polygon","coordinates":[[[19.342383,41.869092],[19.345508,41.918848],[19.361133,41.997754],[19.352148,42.024023],[19.361426,42.069092],[19.330859,42.129297],[19.280664,42.172559],[19.329004,42.249268],[19.399609,42.341895],[19.465137,42.415381],[19.544531,42.491943],[19.597461,42.56543],[19.654492,42.628564],[19.703418,42.647949],[19.727832,42.634521],[19.740723,42.606934],[19.737793,42.525146],[19.754492,42.496924],[19.788281,42.476172],[19.859766,42.486328],[19.939063,42.506689],[20.045703,42.549902],[20.063965,42.547266],[20.103516,42.524658],[20.185742,42.425879],[20.240527,42.338965],[20.348242,42.308789],[20.408301,42.274951],[20.485449,42.223389],[20.522852,42.171484],[20.575391,42.013086],[20.581445,41.917432],[20.566211,41.873682],[20.553125,41.862354],[20.505176,41.706494],[20.516602,41.627051],[20.516211,41.574756],[20.475586,41.554102],[20.448633,41.521289],[20.492383,41.391406],[20.487012,41.336084],[20.488965,41.272607],[20.567871,41.127832],[20.614453,41.083057],[20.656055,41.06167],[20.709277,40.928369],[20.74082,40.905273],[20.870215,40.91792],[20.933496,40.903125],[20.958594,40.871533],[20.964258,40.849902],[20.955762,40.775293],[20.987891,40.717773],[21.031055,40.658643],[21.030859,40.622461],[21.001953,40.563379],[20.950195,40.494385],[20.881641,40.46792],[20.806055,40.445459],[20.77002,40.391895],[20.75166,40.334912],[20.717871,40.292676],[20.696973,40.246387],[20.664941,40.151758],[20.657422,40.117383],[20.60625,40.082666],[20.527051,40.068506],[20.456055,40.065576],[20.408008,40.049463],[20.383691,40.017187],[20.338477,39.991064],[20.311133,39.979443],[20.311328,39.950781],[20.344238,39.890625],[20.381641,39.841797],[20.382422,39.802637],[20.364063,39.791748],[20.306152,39.79668],[20.293848,39.782227],[20.287598,39.738574],[20.27207,39.701172],[20.248242,39.678369],[20.206836,39.653516],[20.131055,39.661621],[20.059766,39.699121],[20.022559,39.710693],[20.00127,39.709424],[19.995605,39.801025],[19.964844,39.872266],[19.851855,40.043555],[19.48457,40.209961],[19.398145,40.284863],[19.360156,40.347705],[19.322266,40.40708],[19.358594,40.40874],[19.394531,40.393701],[19.440527,40.375684],[19.45918,40.405371],[19.439258,40.470264],[19.344629,40.62207],[19.3375,40.663818],[19.383887,40.790723],[19.46123,40.933301],[19.456055,41.106055],[19.480078,41.236377],[19.453418,41.320996],[19.440625,41.424756],[19.497363,41.562695],[19.545801,41.596826],[19.575684,41.64043],[19.577539,41.7875],[19.468262,41.856152],[19.342383,41.869092]]]}},{"type":"Feature","properties":{"iso":"ME","name":"Montenegro"},"geometry":{"type":"Polygon","coordinates":[[[19.194336,43.533301],[19.191602,43.521045],[19.196484,43.48501],[19.21875,43.449951],[19.298242,43.413965],[19.414648,43.342822],[19.551563,43.212256],[19.614453,43.173437],[19.670996,43.163965],[19.781152,43.109766],[19.858008,43.096533],[19.944043,43.081641],[20.167871,42.968506],[20.268457,42.935449],[20.339941,42.892871],[20.347656,42.852783],[20.344336,42.82793],[20.215137,42.798828],[20.192578,42.754639],[20.12998,42.759766],[20.054297,42.760059],[20.029492,42.732031],[20.065723,42.68584],[20.089258,42.631543],[20.070312,42.55708],[20.063965,42.547266],[20.045703,42.549902],[19.939063,42.506689],[19.859766,42.486328],[19.788281,42.476172],[19.754492,42.496924],[19.737793,42.525146],[19.740723,42.606934],[19.727832,42.634521],[19.703418,42.647949],[19.654492,42.628564],[19.597461,42.56543],[19.544531,42.491943],[19.465137,42.415381],[19.399609,42.341895],[19.329004,42.249268],[19.280664,42.172559],[19.330859,42.129297],[19.361426,42.069092],[19.352148,42.024023],[19.361133,41.997754],[19.345508,41.918848],[19.342383,41.869092],[19.186426,41.948633],[19.122266,42.060498],[18.894238,42.249463],[18.63291,42.378076],[18.619043,42.398389],[18.633398,42.423145],[18.645898,42.442725],[18.591602,42.444189],[18.553516,42.428516],[18.51748,42.43291],[18.47666,42.481104],[18.438086,42.522949],[18.436328,42.559717],[18.453906,42.564502],[18.480078,42.579199],[18.534961,42.620117],[18.545898,42.641602],[18.543262,42.67417],[18.466016,42.777246],[18.455078,42.844092],[18.443848,42.968457],[18.460156,42.9979],[18.488477,43.012158],[18.623633,43.027686],[18.621875,43.124609],[18.62998,43.153662],[18.656836,43.193945],[18.674219,43.230811],[18.749219,43.283545],[18.851074,43.346338],[18.895605,43.348193],[18.934668,43.339453],[18.978711,43.2854],[19.02666,43.292432],[19.036719,43.357324],[18.973828,43.442383],[18.940234,43.496729],[18.950684,43.52666],[18.974219,43.542334],[19.02832,43.53252],[19.080078,43.517725],[19.112793,43.527734],[19.164355,43.535449],[19.194336,43.533301]]]}},{"type":"Feature","properties":{"iso":"BA","name":"Bosnia and Herzegovina"},"geometry":{"type":"Polygon","coordinates":[[[19.348633,44.880908],[19.356836,44.858545],[19.334473,44.780664],[19.291895,44.696777],[19.223145,44.60957],[19.151367,44.527344],[19.132422,44.483789],[19.127344,44.414551],[19.118457,44.359961],[19.12832,44.330273],[19.151855,44.302539],[19.231543,44.280566],[19.338867,44.22583],[19.430176,44.154492],[19.547168,44.073486],[19.583789,44.043457],[19.583691,44.011084],[19.549512,43.987109],[19.449414,43.978027],[19.345215,43.985107],[19.305273,43.993359],[19.268066,43.983447],[19.24502,43.965039],[19.257227,43.943311],[19.364063,43.844775],[19.488184,43.703564],[19.495117,43.642871],[19.47998,43.595166],[19.45127,43.562061],[19.399609,43.567578],[19.360352,43.593457],[19.300781,43.591797],[19.254492,43.584375],[19.194336,43.533301],[19.164355,43.535449],[19.112793,43.527734],[19.080078,43.517725],[19.02832,43.53252],[18.974219,43.542334],[18.950684,43.52666],[18.940234,43.496729],[18.973828,43.442383],[19.036719,43.357324],[19.02666,43.292432],[18.978711,43.2854],[18.934668,43.339453],[18.895605,43.348193],[18.851074,43.346338],[18.749219,43.283545],[18.674219,43.230811],[18.656836,43.193945],[18.62998,43.153662],[18.621875,43.124609],[18.623633,43.027686],[18.488477,43.012158],[18.460156,42.9979],[18.443848,42.968457],[18.455078,42.844092],[18.466016,42.777246],[18.543262,42.67417],[18.545898,42.641602],[18.534961,42.620117],[18.480078,42.579199],[18.453906,42.564502],[18.436328,42.559717],[18.346582,42.58667],[18.304004,42.599414],[18.123926,42.690576],[18.044531,42.74126],[17.918848,42.807422],[17.841309,42.845068],[17.801953,42.902246],[17.740234,42.915479],[17.667578,42.897119],[17.585156,42.938379],[17.643457,42.959766],[17.657813,42.980078],[17.650488,43.006592],[17.624805,43.042773],[17.402246,43.198926],[17.293066,43.305615],[17.275293,43.343848],[17.273828,43.445752],[17.248047,43.470215],[17.08457,43.516553],[16.901855,43.649023],[16.713477,43.778809],[16.687695,43.815039],[16.590527,43.913184],[16.47207,44.002588],[16.377539,44.059619],[16.300098,44.124512],[16.214258,44.215137],[16.169824,44.352002],[16.130273,44.47373],[16.103418,44.520996],[16.049023,44.537598],[15.880078,44.681934],[15.736621,44.76582],[15.737988,44.856396],[15.761523,45.00752],[15.788086,45.178955],[15.822852,45.202783],[15.888281,45.215723],[15.963184,45.210791],[16.02832,45.1896],[16.157324,45.072217],[16.231055,45.026611],[16.293359,45.008838],[16.365039,45.05835],[16.453516,45.162012],[16.530664,45.216699],[16.79082,45.196875],[16.918652,45.276562],[17.125391,45.171777],[17.210645,45.156055],[17.258691,45.170557],[17.324121,45.163965],[17.469141,45.133301],[17.502637,45.120361],[17.546289,45.122559],[17.653516,45.163477],[17.690137,45.158398],[17.812793,45.078125],[17.874414,45.077246],[17.948633,45.111865],[17.996289,45.141797],[18.137207,45.119385],[18.217969,45.13291],[18.284961,45.134277],[18.357617,45.120557],[18.423926,45.102002],[18.488281,45.08584],[18.662598,45.077441],[18.746094,45.026514],[18.779395,44.977246],[18.780176,44.947217],[18.788379,44.914893],[18.836426,44.883252],[18.941309,44.865186],[19.007129,44.869189],[19.04209,44.871338],[19.131543,44.899609],[19.236816,44.914258],[19.312695,44.897461],[19.348633,44.880908]]]}},{"type":"Feature","properties":{"iso":"HR","name":"Croatia"},"geometry":{"type":"MultiPolygon","coordinates":[[[[13.57793,45.516895],[13.615234,45.476758],[13.878711,45.428369],[13.935645,45.449805],[13.970117,45.482617],[13.970313,45.503369],[13.992773,45.509424],[14.085547,45.477832],[14.16123,45.485156],[14.283008,45.486621],[14.369922,45.481445],[14.427344,45.505762],[14.505176,45.595215],[14.533984,45.645264],[14.568848,45.657227],[14.591797,45.65127],[14.608594,45.610107],[14.649512,45.571484],[14.733594,45.508496],[14.793066,45.478223],[14.84707,45.467334],[14.9,45.492676],[14.95459,45.499902],[15.110449,45.450781],[15.24209,45.441406],[15.339453,45.467041],[15.32666,45.502295],[15.291211,45.541553],[15.283594,45.579687],[15.290137,45.612646],[15.356934,45.645508],[15.353711,45.659912],[15.272949,45.717725],[15.277051,45.732617],[15.454102,45.797607],[15.624805,45.834033],[15.652148,45.862158],[15.668066,45.904443],[15.675586,45.983691],[15.666211,46.048486],[15.596875,46.109229],[15.592578,46.13999],[15.608984,46.171924],[15.635938,46.200732],[15.704199,46.213232],[15.784277,46.233984],[15.847559,46.257861],[15.933301,46.277637],[16.000684,46.305371],[16.066504,46.371338],[16.106445,46.382227],[16.227441,46.372852],[16.25332,46.389111],[16.236719,46.483838],[16.258398,46.50791],[16.301172,46.521387],[16.321191,46.534619],[16.427637,46.524414],[16.516211,46.499902],[16.569922,46.48501],[16.748047,46.416406],[16.871484,46.339307],[16.939941,46.253662],[17.032715,46.187305],[17.149609,46.140332],[17.242188,46.076611],[17.310645,45.996143],[17.406348,45.951074],[17.529199,45.941309],[17.607031,45.91377],[17.639648,45.868359],[17.706445,45.827246],[17.807129,45.79043],[17.963867,45.770264],[18.263965,45.765479],[18.290625,45.764453],[18.358301,45.753027],[18.437305,45.767334],[18.533594,45.796143],[18.564648,45.813281],[18.666016,45.907471],[18.721777,45.899365],[18.833008,45.91084],[18.900293,45.931738],[18.905371,45.931738],[18.901074,45.907617],[18.893555,45.865527],[18.839063,45.835742],[18.894531,45.76709],[18.947266,45.655811],[18.917871,45.60083],[18.953711,45.558008],[19.055078,45.527246],[19.064258,45.51499],[19.033301,45.502197],[19.007617,45.46582],[19.004688,45.399512],[19.093066,45.336914],[19.272852,45.277979],[19.330273,45.268066],[19.352246,45.24541],[19.382324,45.230615],[19.4,45.2125],[19.400977,45.189062],[19.388086,45.172998],[19.303027,45.167285],[19.205957,45.167773],[19.136914,45.19624],[19.130762,45.175488],[19.129688,45.151709],[19.062891,45.137207],[19.1,44.973779],[19.085254,44.926758],[19.060547,44.910986],[19.037598,44.917529],[19.00957,44.919385],[18.995508,44.904004],[19.007129,44.869189],[18.941309,44.865186],[18.836426,44.883252],[18.788379,44.914893],[18.780176,44.947217],[18.779395,44.977246],[18.746094,45.026514],[18.662598,45.077441],[18.488281,45.08584],[18.423926,45.102002],[18.357617,45.120557],[18.284961,45.134277],[18.217969,45.13291],[18.137207,45.119385],[17.996289,45.141797],[17.948633,45.111865],[17.874414,45.077246],[17.812793,45.078125],[17.690137,45.158398],[17.653516,45.163477],[17.546289,45.122559],[17.502637,45.120361],[17.469141,45.133301],[17.324121,45.163965],[17.258691,45.170557],[17.210645,45.156055],[17.125391,45.171777],[16.918652,45.276562],[16.79082,45.196875],[16.530664,45.216699],[16.453516,45.162012],[16.365039,45.05835],[16.293359,45.008838],[16.231055,45.026611],[16.157324,45.072217],[16.02832,45.1896],[15.963184,45.210791],[15.888281,45.215723],[15.822852,45.202783],[15.788086,45.178955],[15.761523,45.00752],[15.737988,44.856396],[15.736621,44.76582],[15.880078,44.681934],[16.049023,44.537598],[16.103418,44.520996],[16.130273,44.47373],[16.169824,44.352002],[16.214258,44.215137],[16.300098,44.124512],[16.377539,44.059619],[16.47207,44.002588],[16.590527,43.913184],[16.687695,43.815039],[16.713477,43.778809],[16.901855,43.649023],[17.08457,43.516553],[17.248047,43.470215],[17.273828,43.445752],[17.275293,43.343848],[17.293066,43.305615],[17.402246,43.198926],[17.624805,43.042773],[17.650488,43.006592],[17.657813,42.980078],[17.643457,42.959766],[17.585156,42.938379],[17.537305,42.962256],[17.329883,43.114893],[17.129395,43.211133],[16.903125,43.392432],[16.600293,43.464062],[16.393945,43.543359],[16.268945,43.53125],[16.131055,43.506299],[16.045996,43.505518],[15.985547,43.519775],[15.942578,43.568945],[15.949121,43.606982],[15.941504,43.656641],[15.820605,43.735937],[15.655664,43.811279],[15.499414,43.908789],[15.18584,44.172119],[15.122949,44.256787],[15.184668,44.2729],[15.231348,44.271436],[15.284277,44.288818],[15.369727,44.289258],[15.470996,44.271973],[15.381348,44.328271],[15.269824,44.383496],[14.981348,44.60293],[14.895215,44.706592],[14.885254,44.818262],[14.906543,44.971387],[14.85459,45.081006],[14.632031,45.2229],[14.550488,45.297705],[14.386133,45.342139],[14.312695,45.337793],[14.268555,45.28252],[14.236328,45.159668],[14.090625,44.997607],[14.041992,44.927197],[13.96582,44.835645],[13.899805,44.829346],[13.860742,44.837402],[13.74248,44.991504],[13.629297,45.108203],[13.613477,45.163428],[13.60332,45.231396],[13.517188,45.481787],[13.57793,45.516895]]],[[[16.650684,42.996582],[16.835547,42.968652],[16.971094,42.981494],[17.093652,42.964355],[17.169824,42.932617],[17.188281,42.917041],[17.089355,42.914893],[16.977539,42.927783],[16.850684,42.895508],[16.738867,42.912744],[16.696387,42.933691],[16.666309,42.959912],[16.650684,42.996582]]],[[[17.194043,43.125781],[17.124121,43.11543],[16.679199,43.123145],[16.549805,43.143896],[16.405859,43.197363],[16.376465,43.21377],[16.521387,43.229248],[16.655957,43.21377],[16.697266,43.174951],[17.061133,43.143896],[17.194043,43.125781]]],[[[16.785254,43.270654],[16.627441,43.268066],[16.490332,43.286182],[16.423145,43.317236],[16.428125,43.343408],[16.448926,43.387061],[16.601562,43.381885],[16.834375,43.35083],[16.891309,43.314648],[16.873633,43.297949],[16.785254,43.270654]]],[[[15.231055,44.062305],[15.24668,44.027051],[15.121875,44.093311],[15.074609,44.137842],[15.06582,44.157666],[15.231055,44.062305]]],[[[14.810254,44.977051],[14.687012,44.955615],[14.62832,44.993945],[14.612988,45.025439],[14.511719,45.0354],[14.450391,45.079199],[14.437891,45.098633],[14.524609,45.146826],[14.571094,45.224756],[14.62998,45.178027],[14.701172,45.090039],[14.73916,45.065479],[14.810254,44.977051]]],[[[14.831445,44.758936],[14.856641,44.714844],[14.7625,44.754639],[14.678223,44.769873],[14.660352,44.799805],[14.672461,44.824365],[14.690527,44.848145],[14.754199,44.844824],[14.76377,44.821387],[14.831445,44.758936]]],[[[15.188477,44.335742],[15.162598,44.30918],[15.097949,44.358154],[15.038574,44.393018],[14.996094,44.434326],[14.912793,44.48584],[14.884668,44.544727],[14.760449,44.664746],[14.741895,44.697363],[14.803809,44.648682],[14.855371,44.618262],[14.898047,44.61084],[15.006445,44.534229],[15.112988,44.435742],[15.239941,44.350195],[15.213574,44.347559],[15.188477,44.335742]]],[[[15.18877,43.922363],[15.203027,43.907715],[15.20166,43.897754],[15.149805,43.911816],[15.13584,43.907275],[14.891309,44.125537],[14.865039,44.167969],[14.952539,44.117188],[15.18877,43.922363]]],[[[15.371387,43.973828],[15.437207,43.899512],[15.374219,43.914795],[15.308594,43.960791],[15.27002,44.010742],[15.371387,43.973828]]],[[[14.488086,44.660059],[14.480371,44.62124],[14.419531,44.670312],[14.388867,44.758301],[14.312402,44.900391],[14.302539,44.94043],[14.342188,44.979932],[14.340039,45.019971],[14.28584,45.144629],[14.33125,45.16499],[14.358203,45.167432],[14.369141,45.080957],[14.39375,45.03125],[14.467383,44.970215],[14.452539,44.869189],[14.467578,44.725342],[14.48252,44.693359],[14.488086,44.660059]]],[[[17.607813,42.769043],[17.744238,42.700342],[17.344141,42.790381],[17.389551,42.798633],[17.431934,42.800391],[17.607813,42.769043]]],[[[18.436328,42.559717],[18.438086,42.522949],[18.47666,42.481104],[18.51748,42.43291],[18.333008,42.527881],[18.160645,42.634033],[17.823828,42.797412],[17.584961,42.837158],[17.258203,42.968457],[17.04541,43.014893],[17.126465,43.025586],[17.219824,43.025879],[17.723633,42.850684],[17.667578,42.897119],[17.740234,42.915479],[17.801953,42.902246],[17.841309,42.845068],[17.918848,42.807422],[18.044531,42.74126],[18.123926,42.690576],[18.304004,42.599414],[18.346582,42.58667],[18.436328,42.559717]]]]}},{"type":"Feature","properties":{"iso":"SA","name":"Saudi Arabia"},"geometry":{"type":"MultiPolygon","coordinates":[[[[36.90166,25.383057],[36.875195,25.383057],[36.805078,25.450732],[36.763867,25.500586],[36.72207,25.534033],[36.530273,25.601562],[36.504297,25.645117],[36.533594,25.688721],[36.554102,25.645361],[36.58877,25.619824],[36.747559,25.55874],[36.924414,25.425537],[36.954785,25.414648],[36.90166,25.383057]]],[[[41.987695,16.715625],[42.065039,16.710059],[42.033203,16.741943],[42.026367,16.757666],[42.059961,16.803516],[42.17041,16.708643],[42.167188,16.596387],[42.157813,16.570703],[42.127734,16.594824],[42.108398,16.618457],[42.102344,16.643945],[42.071777,16.671484],[41.96416,16.653467],[41.897266,16.684277],[41.801563,16.77876],[41.776074,16.846875],[41.816113,16.860156],[41.858203,16.89292],[41.884961,16.946826],[41.860449,17.002539],[41.917285,16.993652],[41.947949,16.936426],[41.953906,16.80625],[41.9625,16.778662],[41.94668,16.748926],[41.987695,16.715625]]],[[[51.977637,18.996143],[51.742969,18.964551],[51.514941,18.933887],[51.258398,18.899365],[50.95,18.857861],[50.708203,18.825293],[50.355273,18.777783],[50.038965,18.735254],[49.74209,18.695312],[49.445117,18.655322],[49.192383,18.621338],[49.041992,18.581787],[48.864844,18.495215],[48.592969,18.362402],[48.31582,18.227051],[48.172168,18.156934],[48.02168,17.976953],[47.945508,17.88584],[47.807813,17.721094],[47.703711,17.596826],[47.57959,17.44834],[47.525391,17.316113],[47.441797,17.111865],[47.369629,17.0604],[47.25127,16.993945],[47.143555,16.94668],[46.975684,16.953467],[46.87998,17.079004],[46.778516,17.212109],[46.727637,17.265576],[46.682031,17.268555],[46.513477,17.25166],[46.310352,17.231299],[46.070801,17.253174],[45.794434,17.278418],[45.535352,17.302051],[45.406543,17.319775],[45.236621,17.406201],[45.192773,17.423389],[45.148047,17.427441],[44.946484,17.42959],[44.746777,17.431689],[44.546484,17.404346],[44.354688,17.414355],[44.155957,17.398535],[44.085938,17.365527],[44.008203,17.36748],[43.959668,17.33833],[43.916992,17.324707],[43.866406,17.349609],[43.804297,17.344141],[43.712988,17.365527],[43.653418,17.421875],[43.597266,17.471436],[43.539258,17.49873],[43.474219,17.515918],[43.417969,17.51626],[43.346094,17.486035],[43.302148,17.456787],[43.190918,17.359375],[43.186328,17.324707],[43.236914,17.266455],[43.221387,17.239258],[43.155957,17.205029],[43.135938,17.112988],[43.126172,17.062451],[43.116504,16.941992],[43.145605,16.846777],[43.184473,16.811816],[43.186328,16.770996],[43.165039,16.689404],[43.104785,16.66416],[43.060742,16.586621],[43.033594,16.550391],[42.986328,16.509082],[42.799316,16.371777],[42.789844,16.451562],[42.730664,16.569824],[42.726367,16.65332],[42.698828,16.736963],[42.647461,16.801367],[42.55293,16.868457],[42.544141,16.959668],[42.475,17.049854],[42.383301,17.122461],[42.332422,17.256641],[42.293945,17.434961],[42.052246,17.669336],[41.75,17.885742],[41.658008,18.007666],[41.507617,18.256104],[41.431738,18.452441],[41.229492,18.678418],[41.220801,18.765234],[41.19082,18.871191],[41.144141,18.989063],[41.116016,19.082178],[40.913281,19.490137],[40.847852,19.555273],[40.791602,19.646387],[40.777051,19.716895],[40.75918,19.755469],[40.615918,19.822363],[40.482227,19.993457],[40.080664,20.265918],[39.884082,20.292969],[39.72832,20.390332],[39.613672,20.517676],[39.491211,20.737012],[39.276074,20.973975],[39.093555,21.310352],[39.150684,21.432764],[39.14707,21.518994],[39.091016,21.663965],[39.029785,21.775977],[38.987891,21.881738],[39.021191,22.033447],[39.033984,22.203369],[39.069922,22.293652],[39.095898,22.392773],[39.062012,22.592187],[39.001367,22.698975],[39.007422,22.770068],[38.93877,22.804785],[38.88291,22.882031],[38.941113,22.881836],[38.835547,22.989063],[38.796875,23.048584],[38.757031,23.194287],[38.706055,23.305518],[38.542285,23.55791],[38.46416,23.711865],[38.288867,23.910986],[38.098633,24.058008],[37.977832,24.124561],[37.919727,24.1854],[37.820996,24.1875],[37.713379,24.274414],[37.638184,24.277734],[37.543066,24.29165],[37.430957,24.459033],[37.338477,24.61582],[37.180859,24.82002],[37.22041,24.87334],[37.266309,24.960059],[37.243457,25.073437],[37.218359,25.150684],[37.148828,25.291113],[36.920703,25.641162],[36.860156,25.69248],[36.762695,25.751318],[36.702539,25.902881],[36.675195,26.038867],[36.51875,26.104883],[36.249609,26.594775],[36.09375,26.76582],[36.032031,26.881006],[35.85166,27.070459],[35.762988,27.258789],[35.581348,27.432471],[35.423828,27.733789],[35.180469,28.034863],[35.07832,28.087012],[34.827539,28.108594],[34.72207,28.130664],[34.625,28.064502],[34.616211,28.14834],[34.683301,28.264111],[34.779883,28.507324],[34.799121,28.720508],[34.950781,29.353516],[35.16377,29.320947],[35.33916,29.294092],[35.595313,29.254883],[35.860352,29.214258],[36.01543,29.190479],[36.068457,29.200537],[36.282813,29.355371],[36.476074,29.495117],[36.591797,29.666113],[36.703906,29.831641],[36.755273,29.866016],[36.927051,29.89707],[37.199414,29.946289],[37.469238,29.995068],[37.490723,30.011719],[37.553613,30.14458],[37.633594,30.313281],[37.649902,30.330957],[37.669727,30.348145],[37.862891,30.442627],[37.980078,30.5],[37.812988,30.669287],[37.655469,30.828955],[37.479004,31.007764],[37.329492,31.146826],[37.105273,31.355176],[36.958594,31.491504],[37.215625,31.556104],[37.493359,31.625879],[37.773828,31.696338],[38.111426,31.781152],[38.375488,31.847461],[38.769629,31.946484],[38.962305,31.994922],[38.99707,32.007471],[39.14541,32.124512],[39.368652,32.091748],[39.704102,32.042529],[40.027832,31.99502],[40.369336,31.938965],[40.478906,31.893359],[40.808398,31.725439],[41.022461,31.616357],[41.272461,31.489014],[41.585059,31.329736],[41.799707,31.220361],[42.074414,31.080371],[42.288574,30.92041],[42.559766,30.717773],[42.857715,30.495215],[43.103125,30.322217],[43.44082,30.083984],[43.77373,29.849219],[44.099609,29.619336],[44.360742,29.435254],[44.69082,29.202344],[44.716504,29.193604],[45.050293,29.16709],[45.498926,29.131543],[45.949707,29.09585],[46.356445,29.063672],[46.531445,29.09624],[46.724805,29.074609],[46.982227,29.045654],[47.13877,29.026172],[47.433203,28.989551],[47.521289,28.837842],[47.553223,28.731543],[47.583105,28.627979],[47.671289,28.533154],[47.871973,28.535449],[48.049609,28.5375],[48.26875,28.540527],[48.44248,28.54292],[48.498535,28.448877],[48.523047,28.355029],[48.626367,28.132568],[48.77373,27.959082],[48.808984,27.895898],[48.832813,27.800684],[48.807227,27.765283],[48.797168,27.724316],[48.906445,27.629053],[49.086914,27.548584],[49.15752,27.528223],[49.2375,27.492725],[49.175098,27.437646],[49.281543,27.310498],[49.405273,27.180957],[49.537695,27.151758],[49.716504,26.955859],[49.986133,26.828906],[50.149805,26.662646],[50.134668,26.659521],[50.086621,26.676416],[50.026367,26.699219],[50.008105,26.678516],[50.011328,26.608789],[50.027344,26.526855],[50.110742,26.455957],[50.184961,26.404932],[50.213867,26.308496],[50.155469,26.100537],[50.135254,26.100684],[50.095996,26.118701],[50.053906,26.122852],[50.031641,26.110986],[50.081055,25.961377],[50.130273,25.846631],[50.189648,25.755811],[50.238965,25.622852],[50.28125,25.566113],[50.455176,25.424805],[50.508496,25.306689],[50.55791,25.08667],[50.666895,24.963818],[50.725586,24.869385],[50.804395,24.789258],[50.855664,24.679639],[50.92832,24.595117],[50.966016,24.573926],[51.022754,24.565234],[51.093359,24.564648],[51.178027,24.586719],[51.267969,24.607227],[51.338477,24.564355],[51.41123,24.570801],[51.418359,24.530957],[51.369922,24.476904],[51.309863,24.340381],[51.395215,24.318848],[51.476758,24.308203],[51.534766,24.286328],[51.568359,24.286182],[51.568359,24.25791],[51.572168,24.12832],[51.592578,24.078857],[51.629297,24.03501],[51.684375,23.969531],[51.739355,23.904004],[51.794336,23.838477],[51.849414,23.772998],[51.904395,23.70752],[51.959473,23.641992],[52.014453,23.576465],[52.069434,23.510986],[52.124512,23.445459],[52.179492,23.37998],[52.23457,23.314453],[52.289551,23.248975],[52.344531,23.183496],[52.399609,23.117969],[52.45459,23.052441],[52.50957,22.986963],[52.555078,22.932812],[52.63916,22.92251],[52.665918,22.919287],[52.741602,22.91001],[52.859277,22.895605],[53.011914,22.877002],[53.192383,22.854932],[53.394043,22.830322],[53.60957,22.804004],[53.832129,22.776807],[54.05459,22.749658],[54.270117,22.72334],[54.47168,22.69873],[54.652246,22.67666],[54.804883,22.658008],[54.922461,22.643652],[54.998242,22.634375],[55.025,22.631152],[55.104297,22.621484],[55.119434,22.623926],[55.18584,22.704102],[55.259277,22.590918],[55.320117,22.496924],[55.403809,22.367822],[55.492773,22.230664],[55.577734,22.099512],[55.641016,22.001855],[55.607422,21.900391],[55.570801,21.789697],[55.53418,21.679004],[55.497559,21.568311],[55.460938,21.457617],[55.424316,21.346924],[55.387695,21.23623],[55.351074,21.125537],[55.314453,21.014795],[55.27793,20.904102],[55.241211,20.793408],[55.20459,20.682715],[55.168066,20.572021],[55.131445,20.461328],[55.094727,20.350635],[55.058203,20.239941],[55.021484,20.129248],[54.977344,19.995947],[54.871094,19.960498],[54.699023,19.903125],[54.527051,19.845801],[54.35498,19.788477],[54.183008,19.731152],[54.010938,19.673828],[53.838867,19.616504],[53.666895,19.559131],[53.494824,19.501807],[53.322852,19.444482],[53.150781,19.387158],[52.978711,19.329785],[52.806738,19.272461],[52.634668,19.215137],[52.462695,19.157812],[52.290625,19.100488],[52.118555,19.043164],[51.977637,18.996143]]],[[[36.595508,25.712793],[36.586133,25.699219],[36.543945,25.734277],[36.546484,25.811621],[36.582715,25.855518],[36.579883,25.79541],[36.595605,25.734863],[36.595508,25.712793]]]]}},{"type":"Feature","properties":{"iso":"JO","name":"Jordan"},"geometry":{"type":"Polygon","coordinates":[[[35.787305,32.734912],[35.894727,32.71377],[35.956445,32.666699],[36.059473,32.533789],[36.219727,32.495117],[36.284277,32.457471],[36.37207,32.386914],[36.479199,32.361328],[36.818359,32.317285],[37.088965,32.465527],[37.317578,32.590771],[37.577441,32.733057],[37.754102,32.829834],[38.055762,32.994873],[38.254297,33.099219],[38.515625,33.236621],[38.773535,33.372217],[38.84502,33.150879],[38.914844,32.934668],[38.987402,32.710693],[39.057813,32.493164],[38.981641,32.472559],[39.041406,32.305664],[39.140039,32.331201],[39.247461,32.350977],[39.292773,32.243848],[39.14541,32.124512],[38.99707,32.007471],[38.962305,31.994922],[38.769629,31.946484],[38.375488,31.847461],[38.111426,31.781152],[37.773828,31.696338],[37.493359,31.625879],[37.215625,31.556104],[36.958594,31.491504],[37.105273,31.355176],[37.329492,31.146826],[37.479004,31.007764],[37.655469,30.828955],[37.812988,30.669287],[37.980078,30.5],[37.862891,30.442627],[37.669727,30.348145],[37.649902,30.330957],[37.633594,30.313281],[37.553613,30.14458],[37.490723,30.011719],[37.469238,29.995068],[37.199414,29.946289],[36.927051,29.89707],[36.755273,29.866016],[36.703906,29.831641],[36.591797,29.666113],[36.476074,29.495117],[36.282813,29.355371],[36.068457,29.200537],[36.01543,29.190479],[35.860352,29.214258],[35.595313,29.254883],[35.33916,29.294092],[35.16377,29.320947],[34.950781,29.353516],[34.982227,29.484473],[34.973438,29.555029],[35.023926,29.787061],[35.053418,29.896924],[35.068164,29.977881],[35.141602,30.141699],[35.132617,30.195312],[35.148145,30.384326],[35.140625,30.420898],[35.174023,30.523926],[35.236621,30.673486],[35.297852,30.802246],[35.320117,30.860205],[35.383008,30.982275],[35.439258,31.132422],[35.409668,31.214453],[35.400684,31.230518],[35.423535,31.324854],[35.422852,31.325391],[35.450586,31.479297],[35.46543,31.562354],[35.499414,31.672363],[35.558984,31.765527],[35.531445,31.984912],[35.534766,32.103027],[35.57207,32.237891],[35.551465,32.395508],[35.569043,32.619873],[35.572852,32.640869],[35.594531,32.668018],[35.61123,32.68208],[35.734473,32.728906],[35.787305,32.734912]]]}},{"type":"Feature","properties":{"iso":"KW","name":"Kuwait"},"geometry":{"type":"MultiPolygon","coordinates":[[[[48.275391,29.624316],[48.218262,29.601953],[48.179688,29.611426],[48.142578,29.665283],[48.081445,29.798926],[48.114746,29.848779],[48.113477,29.870215],[48.120117,29.886328],[48.138867,29.896582],[48.158594,29.95957],[48.184766,29.978857],[48.227734,29.936328],[48.348242,29.782666],[48.347363,29.719971],[48.340234,29.694727],[48.275391,29.624316]]],[[[48.44248,28.54292],[48.26875,28.540527],[48.049609,28.5375],[47.871973,28.535449],[47.671289,28.533154],[47.583105,28.627979],[47.553223,28.731543],[47.521289,28.837842],[47.433203,28.989551],[47.13877,29.026172],[46.982227,29.045654],[46.724805,29.074609],[46.531445,29.09624],[46.69375,29.259668],[46.769336,29.347461],[46.905859,29.5375],[46.975977,29.672852],[47.043652,29.822998],[47.102051,29.93999],[47.114355,29.961328],[47.148242,30.000977],[47.223242,30.041504],[47.331348,30.079687],[47.514844,30.096484],[47.64375,30.097314],[47.672754,30.095605],[47.753906,30.076611],[47.978711,29.982812],[47.973633,29.945898],[48.005664,29.835791],[48.077344,29.715576],[48.136133,29.618115],[48.143457,29.572461],[48.089453,29.579102],[48.04834,29.59751],[47.969629,29.616699],[47.81748,29.487402],[47.725293,29.416943],[47.722656,29.393018],[47.845313,29.365723],[47.935352,29.366602],[47.998145,29.385547],[48.051465,29.355371],[48.086328,29.275488],[48.100391,29.210742],[48.183789,28.979395],[48.25293,28.90127],[48.339258,28.763281],[48.371289,28.691846],[48.389648,28.631592],[48.44248,28.54292]]]]}},{"type":"Feature","properties":{"iso":"LB","name":"Lebanon"},"geometry":{"type":"Polygon","coordinates":[[[35.97627,34.629199],[36.151074,34.628613],[36.263574,34.632861],[36.296289,34.678711],[36.383887,34.65791],[36.433008,34.613477],[36.388672,34.566895],[36.32627,34.51333],[36.329883,34.499609],[36.376465,34.495166],[36.455566,34.466162],[36.504395,34.432373],[36.584961,34.22124],[36.535156,34.134326],[36.45752,34.056836],[36.422852,34.049854],[36.354883,34.011328],[36.297852,33.958643],[36.277832,33.925293],[36.282227,33.894189],[36.362793,33.855127],[36.365039,33.839355],[36.348535,33.827051],[36.283398,33.835596],[36.199414,33.839551],[36.149805,33.839502],[36.092188,33.831592],[36.018848,33.783936],[35.986133,33.752637],[35.968457,33.732422],[35.942383,33.667578],[35.97168,33.623096],[36.02666,33.597949],[36.034473,33.585059],[36.022266,33.5625],[35.967578,33.53457],[35.926563,33.500293],[35.914746,33.465381],[35.869141,33.431738],[35.840723,33.415674],[35.7875,33.369775],[35.734473,33.332617],[35.627246,33.275049],[35.60293,33.240625],[35.579297,33.271484],[35.53252,33.250488],[35.493164,33.119482],[35.41123,33.075684],[35.308887,33.079541],[35.22334,33.091992],[35.108594,33.083691],[35.155078,33.16001],[35.203516,33.258984],[35.251367,33.392627],[35.335742,33.503467],[35.51084,33.879736],[35.611816,34.032178],[35.647852,34.248242],[35.804297,34.437402],[35.921387,34.493311],[35.97793,34.547412],[35.97627,34.629199]]]}},{"type":"Feature","properties":{"iso":"EG","name":"Egypt"},"geometry":{"type":"Polygon","coordinates":[[[36.871387,21.996729],[36.543262,21.996631],[36.215234,21.996582],[35.887012,21.996533],[35.558984,21.996484],[35.230859,21.996436],[34.902734,21.996387],[34.574609,21.996338],[34.246484,21.996289],[33.918457,21.99624],[33.590332,21.996191],[33.262207,21.996143],[32.934082,21.996094],[32.606055,21.995996],[32.277832,21.995996],[31.949805,21.995898],[31.62168,21.99585],[31.434473,21.99585],[31.466406,22.084668],[31.486133,22.147803],[31.464258,22.191504],[31.400293,22.202441],[31.358496,22.188623],[31.260645,22.002295],[31.20918,21.994873],[31.092676,21.994873],[30.710645,21.994922],[30.328613,21.99502],[29.94668,21.995117],[29.564551,21.995117],[29.18252,21.995215],[28.800586,21.995264],[28.418555,21.995312],[28.036426,21.995361],[27.654492,21.995459],[27.272461,21.995508],[26.89043,21.995557],[26.508398,21.995605],[26.126367,21.995654],[25.744336,21.995752],[25.362305,21.995801],[24.980273,21.99585],[24.980273,22.22041],[24.980273,22.444971],[24.980273,22.669531],[24.980273,22.894092],[24.980273,23.118652],[24.980273,23.343213],[24.980273,23.567822],[24.980273,23.792383],[24.980273,24.016943],[24.980273,24.241504],[24.980273,24.466064],[24.980273,24.690625],[24.980273,24.915186],[24.980273,25.139746],[24.980273,25.364307],[24.980273,25.588867],[24.980273,25.813428],[24.980273,26.037988],[24.980273,26.262549],[24.980273,26.487109],[24.980273,26.71167],[24.980273,26.93623],[24.980273,27.16084],[24.980273,27.3854],[24.980273,27.609961],[24.980273,27.834521],[24.980273,28.059082],[24.980273,28.283643],[24.980273,28.508203],[24.980273,28.732764],[24.980273,28.957324],[24.980273,29.181885],[24.97168,29.223828],[24.916113,29.37627],[24.865918,29.570264],[24.81084,29.80874],[24.803711,29.886035],[24.711621,30.131543],[24.703223,30.201074],[24.726465,30.250586],[24.877539,30.45752],[24.923047,30.558008],[24.961426,30.678516],[24.973926,30.776562],[24.929492,30.926465],[24.877539,31.06123],[24.859961,31.19917],[24.852734,31.334814],[24.92998,31.42749],[25.022656,31.514014],[25.057227,31.567187],[25.112012,31.626904],[25.150488,31.65498],[25.225488,31.533789],[25.382227,31.512793],[25.893262,31.620898],[26.457324,31.512109],[26.768652,31.470361],[27.248047,31.377881],[27.540039,31.212695],[27.620117,31.191748],[27.82998,31.19502],[27.967578,31.097412],[28.514844,31.050439],[28.806934,30.942676],[28.972754,30.856738],[29.07207,30.830273],[29.159961,30.83457],[29.278906,30.866943],[29.428516,30.927441],[29.591602,31.011523],[29.929785,31.22749],[30.049414,31.26543],[30.127539,31.255664],[30.222656,31.258398],[30.262305,31.316846],[30.312305,31.357031],[30.34375,31.402734],[30.395117,31.457617],[30.570996,31.472998],[30.923535,31.566846],[30.88418,31.522363],[30.562988,31.416992],[30.700488,31.403857],[30.841406,31.439893],[31.001758,31.462793],[31.030859,31.507568],[31.051953,31.591553],[31.08291,31.60332],[31.193945,31.587598],[31.524414,31.458252],[31.606543,31.455762],[31.839258,31.526318],[31.888965,31.541406],[31.964258,31.5021],[32.136035,31.341064],[32.076074,31.344482],[31.892188,31.482471],[31.875879,31.413721],[31.771094,31.292578],[31.902051,31.240186],[32.008496,31.220508],[32.065625,31.152979],[32.101758,31.092822],[32.206543,31.119043],[32.281836,31.200879],[32.242773,31.246533],[32.216211,31.29375],[32.250586,31.294922],[32.323535,31.256055],[32.532813,31.100732],[32.60332,31.06875],[32.68457,31.074023],[32.854492,31.117725],[32.901563,31.110937],[33.129883,31.168164],[33.156738,31.126221],[33.194336,31.084521],[33.37793,31.130957],[33.666504,31.13042],[33.902539,31.180957],[34.17627,31.303906],[34.198145,31.322607],[34.2125,31.292285],[34.245313,31.208301],[34.328516,30.99502],[34.400977,30.827832],[34.489941,30.596289],[34.517773,30.507373],[34.529688,30.446045],[34.658594,30.191455],[34.735059,29.982031],[34.791113,29.812109],[34.869824,29.563916],[34.904297,29.477344],[34.848535,29.432129],[34.736426,29.270605],[34.617188,28.75791],[34.446484,28.357324],[34.427148,28.106494],[34.399707,28.016016],[34.318555,27.888965],[34.220117,27.764307],[34.045117,27.828857],[33.760254,28.047656],[33.594141,28.255566],[33.416113,28.389844],[33.247754,28.567725],[33.201953,28.695703],[33.203711,28.777783],[33.130176,28.978271],[33.075781,29.073047],[32.870605,29.28623],[32.811719,29.4],[32.766699,29.45],[32.721484,29.521777],[32.647168,29.798437],[32.565723,29.973975],[32.473047,29.925439],[32.489453,29.851514],[32.408594,29.749316],[32.359766,29.630664],[32.397266,29.533789],[32.565039,29.386328],[32.599023,29.321924],[32.638086,29.182178],[32.631836,28.992236],[32.658887,28.927734],[32.784473,28.786621],[32.829492,28.702881],[32.856543,28.630615],[32.898242,28.565234],[33.022852,28.442285],[33.202148,28.208301],[33.372266,28.050586],[33.494922,27.974463],[33.54707,27.898145],[33.558789,27.701221],[33.549805,27.607373],[33.657422,27.430566],[33.697266,27.341113],[33.80166,27.268164],[33.849316,27.184912],[33.893066,27.049463],[33.959082,26.649023],[34.049512,26.550732],[34.329297,26.024365],[34.565137,25.691162],[34.679297,25.442529],[34.853223,25.139795],[35.194141,24.475146],[35.39707,24.269971],[35.477832,24.154785],[35.624707,24.066016],[35.783887,23.937793],[35.632031,23.950342],[35.593848,23.942578],[35.54082,23.920654],[35.515234,23.842871],[35.504395,23.779297],[35.522754,23.442529],[35.564355,23.271094],[35.697852,22.946191],[35.797363,22.84873],[35.845801,22.785693],[35.913379,22.739648],[36.229688,22.628809],[36.414551,22.394189],[36.829688,22.097656],[36.87041,22.015771],[36.871387,21.996729]]]}},{"type":"Feature","properties":{"iso":"TM","name":"Turkmenistan"},"geometry":{"type":"MultiPolygon","coordinates":[[[[53.10957,38.803076],[53.100195,38.756152],[53.045898,38.897217],[53.018555,39.052734],[53.05332,39.096582],[53.092188,39.094092],[53.055176,39.037939],[53.10957,38.803076]]],[[[55.977441,41.322217],[56.241992,41.31084],[56.479883,41.300635],[56.773633,41.287988],[56.86084,41.276123],[56.96582,41.265137],[57.017969,41.263477],[57.064258,41.307275],[57.094824,41.331299],[57.118848,41.350293],[57.113867,41.371777],[57.07666,41.38999],[57.018164,41.450586],[56.984863,41.669336],[56.964063,41.856543],[57.033691,41.914844],[57.113574,41.957129],[57.228809,42.084473],[57.290625,42.123779],[57.381738,42.156299],[57.686133,42.164795],[57.814258,42.189844],[57.855957,42.231055],[57.923438,42.335205],[57.945703,42.42002],[57.983496,42.458789],[58.028906,42.487646],[58.075488,42.486523],[58.165625,42.461572],[58.234082,42.447705],[58.28291,42.428857],[58.327246,42.398926],[58.370508,42.346777],[58.377148,42.312451],[58.39707,42.29248],[58.431445,42.29209],[58.457031,42.291797],[58.474414,42.299365],[58.48584,42.316846],[58.476953,42.340137],[58.418164,42.406689],[58.288672,42.527295],[58.204102,42.576367],[58.162012,42.602979],[58.151563,42.628076],[58.206445,42.666309],[58.259668,42.688086],[58.353125,42.671729],[58.477148,42.662842],[58.532324,42.681934],[58.589063,42.778467],[58.72998,42.676172],[58.876953,42.561475],[58.930859,42.540283],[59.03584,42.528125],[59.123145,42.523779],[59.15957,42.511426],[59.199121,42.481689],[59.276563,42.356152],[59.354297,42.323291],[59.451074,42.299512],[59.762598,42.301562],[59.858301,42.295166],[59.936523,42.236035],[59.985156,42.211719],[60.006055,42.19082],[60.000781,42.164746],[59.981641,42.131738],[59.979199,42.068066],[59.974121,42.018799],[59.949316,41.99541],[59.941797,41.973535],[59.962598,41.954395],[60.106934,41.907422],[60.155566,41.857031],[60.19209,41.834424],[60.200781,41.803125],[60.176367,41.782275],[60.108594,41.792676],[60.075586,41.759668],[60.075586,41.700537],[60.124023,41.644971],[60.137988,41.594141],[60.106055,41.545215],[60.06875,41.476221],[60.067383,41.427344],[60.089648,41.399414],[60.2,41.348975],[60.45498,41.221631],[60.513574,41.216162],[60.754883,41.245752],[60.867188,41.248682],[60.933203,41.229004],[61.119922,41.210889],[61.179297,41.190576],[61.242383,41.189209],[61.328906,41.195117],[61.3875,41.252148],[61.417383,41.265137],[61.443652,41.274609],[61.496973,41.276074],[61.644531,41.239844],[61.799902,41.163428],[61.902832,41.093701],[61.953516,41.030615],[62.017578,40.893799],[62.09502,40.683301],[62.188477,40.541211],[62.298047,40.46748],[62.375,40.33208],[62.441602,40.03623],[62.483203,39.975635],[62.525488,39.944092],[62.650684,39.858496],[62.906836,39.716797],[63.058105,39.633154],[63.291895,39.499512],[63.506055,39.3771],[63.720801,39.188135],[63.763672,39.160547],[63.952539,39.05835],[64.162793,38.953613],[64.309961,38.977295],[64.531641,38.816211],[64.621875,38.756445],[64.659961,38.736035],[64.820703,38.672461],[65.07666,38.539453],[65.399609,38.348828],[65.612891,38.238574],[65.670898,38.225732],[65.728516,38.226367],[65.790234,38.250049],[65.857129,38.26875],[65.971191,38.244238],[66.094824,38.200146],[66.173145,38.166699],[66.263672,38.118066],[66.335352,38.072168],[66.389746,38.050928],[66.574512,38.010791],[66.60625,37.986719],[66.626367,37.959863],[66.629297,37.932031],[66.525586,37.785742],[66.511328,37.59917],[66.510645,37.458691],[66.522266,37.348486],[66.471875,37.344727],[66.350293,37.368164],[66.108398,37.414746],[65.900684,37.508105],[65.765039,37.569141],[65.743848,37.56084],[65.683008,37.519141],[65.641211,37.467822],[65.608008,37.368408],[65.55498,37.251172],[65.303613,37.246777],[65.089648,37.237939],[64.951563,37.193555],[64.816309,37.13208],[64.782422,37.059277],[64.753125,36.964795],[64.674316,36.750195],[64.602539,36.554541],[64.56582,36.427588],[64.511035,36.340674],[64.358008,36.226074],[64.184375,36.148926],[64.092188,36.112695],[64.051367,36.067627],[64.042383,36.025098],[64.009668,36.012109],[63.938086,36.019727],[63.8625,36.012354],[63.696582,35.967822],[63.516992,35.913135],[63.30166,35.858398],[63.178906,35.858447],[63.12998,35.846191],[63.108594,35.818701],[63.12998,35.766748],[63.150781,35.728271],[63.169727,35.678125],[63.119336,35.637549],[63.08418,35.568066],[63.056641,35.445801],[62.980273,35.40918],[62.858008,35.349658],[62.722656,35.271338],[62.688086,35.255322],[62.610547,35.233154],[62.533105,35.239893],[62.462891,35.251367],[62.386621,35.23125],[62.307813,35.170801],[62.271191,35.189111],[62.252832,35.250244],[62.213086,35.289941],[62.089648,35.379687],[61.983887,35.443701],[61.938086,35.4479],[61.841016,35.431494],[61.719727,35.419434],[61.620996,35.432324],[61.542773,35.457861],[61.421777,35.545801],[61.377734,35.593115],[61.344727,35.629492],[61.262012,35.61958],[61.238867,35.659277],[61.235547,35.705566],[61.258691,35.761816],[61.252148,35.867627],[61.205859,35.943701],[61.15293,35.976758],[61.159473,35.999902],[61.182617,36.052832],[61.212402,36.099121],[61.212012,36.190527],[61.175098,36.289697],[61.160352,36.432715],[61.169922,36.572266],[61.119629,36.642578],[60.70791,36.642969],[60.341309,36.637646],[60.320703,36.653564],[60.17832,36.829443],[60.062793,36.962891],[59.948633,37.041602],[59.687207,37.138477],[59.562207,37.178906],[59.45498,37.252832],[59.367383,37.33374],[59.344727,37.444727],[59.326953,37.481152],[59.301758,37.510645],[59.274121,37.52373],[59.24082,37.520752],[58.937207,37.649658],[58.81543,37.683496],[58.700781,37.65625],[58.650195,37.651562],[58.550488,37.688184],[58.435742,37.638525],[58.386719,37.635352],[58.318164,37.647217],[58.261621,37.66582],[58.108789,37.783057],[57.980566,37.830469],[57.888184,37.86084],[57.710547,37.905273],[57.520996,37.928467],[57.423828,37.947705],[57.353711,37.97334],[57.335742,37.989941],[57.336719,38.03291],[57.331445,38.089307],[57.308105,38.130371],[57.260156,38.17959],[57.193555,38.216406],[57.079004,38.209961],[56.906641,38.213037],[56.774609,38.250049],[56.669922,38.256641],[56.544043,38.249609],[56.440625,38.249414],[56.366895,38.22251],[56.324121,38.191113],[56.296973,38.094824],[56.27207,38.08042],[56.228809,38.073389],[56.171191,38.078369],[56.050293,38.077539],[55.841309,38.094629],[55.578418,38.099756],[55.380859,38.051123],[55.224707,37.981348],[55.075586,37.90249],[54.900098,37.77793],[54.848633,37.722656],[54.745215,37.501904],[54.699414,37.470166],[54.639648,37.444727],[54.578906,37.440234],[54.458691,37.407568],[54.299805,37.353613],[54.191602,37.332471],[53.91416,37.343555],[53.897852,37.413574],[53.847852,37.66958],[53.823535,37.92793],[53.825195,38.046924],[53.854102,38.285645],[53.851855,38.405908],[53.840039,38.514941],[53.851562,38.621777],[53.87373,38.741943],[53.885352,38.864062],[53.868652,38.949268],[53.814941,39.018018],[53.724121,39.103076],[53.709766,39.153418],[53.70459,39.20957],[53.617578,39.215967],[53.539453,39.274072],[53.475,39.305713],[53.336328,39.34082],[53.266797,39.342627],[53.20332,39.316797],[53.156641,39.26499],[53.124023,39.34668],[53.124805,39.43208],[53.235645,39.608545],[53.30498,39.55708],[53.389648,39.536426],[53.497363,39.533301],[53.603125,39.546973],[53.582422,39.607422],[53.533301,39.641748],[53.472266,39.668799],[53.450488,39.748535],[53.458301,39.831201],[53.487305,39.909375],[53.454297,39.940869],[53.404199,39.960352],[53.288574,39.958008],[53.138574,39.978662],[52.9875,39.987598],[52.952148,39.895459],[53.035547,39.774414],[52.964844,39.833887],[52.898242,39.9125],[52.804688,40.054004],[52.744434,40.219775],[52.733691,40.39873],[52.784766,40.546729],[52.849902,40.685645],[52.889258,40.863477],[52.943457,41.038086],[52.997656,40.959863],[53.05957,40.889746],[53.145215,40.824951],[53.191992,40.809473],[53.33291,40.782715],[53.423633,40.792773],[53.520313,40.831055],[53.615234,40.818506],[53.69375,40.746436],[53.76377,40.665674],[53.87002,40.648682],[54.088867,40.70708],[54.192969,40.72041],[54.283301,40.693701],[54.329883,40.68877],[54.377344,40.693262],[54.33623,40.764941],[54.319434,40.83457],[54.374414,40.871387],[54.54707,40.832275],[54.657031,40.85835],[54.685059,40.873047],[54.710059,40.891113],[54.723242,40.95127],[54.717969,41.012988],[54.703711,41.071143],[54.671484,41.122168],[54.592188,41.193555],[54.28457,41.363721],[54.181055,41.431592],[54.094824,41.519385],[54.039844,41.643359],[53.995215,41.772559],[53.953809,41.868457],[53.846484,42.091162],[53.804688,42.117627],[53.752344,42.129395],[53.624902,42.136377],[53.495898,42.120166],[53.284961,42.081836],[53.16416,42.093799],[53.108301,42.070068],[52.97002,41.976221],[52.905273,41.895752],[52.814844,41.711816],[52.883496,41.652539],[52.882227,41.613672],[52.830176,41.341895],[52.861816,41.210059],[52.850391,41.200293],[52.825586,41.230859],[52.747266,41.36543],[52.609375,41.529443],[52.493848,41.780371],[52.696875,41.944385],[52.870508,42.060596],[53.0125,42.130713],[53.055859,42.147754],[53.250098,42.205859],[53.500781,42.258252],[53.685352,42.296875],[53.926367,42.329785],[54.005176,42.335889],[54.120996,42.335205],[54.214941,42.304199],[54.271875,42.27998],[54.472852,42.180176],[54.67793,42.078223],[54.853809,41.965186],[54.903711,41.919092],[54.931641,41.864014],[54.952344,41.81001],[55.101855,41.638721],[55.162305,41.560254],[55.249609,41.458105],[55.319727,41.408398],[55.388379,41.346924],[55.434375,41.296289],[55.487012,41.272266],[55.545215,41.262744],[55.678613,41.278809],[55.839063,41.310791],[55.934961,41.324121],[55.977441,41.322217]]]]}},{"type":"Feature","properties":{"iso":"UZ","name":"Uzbekistan"},"geometry":{"type":"MultiPolygon","coordinates":[[[[70.946777,42.248682],[70.979004,42.266553],[71.036035,42.284668],[71.12998,42.25],[71.212695,42.206445],[71.232324,42.186279],[71.228516,42.162891],[71.032227,42.077783],[70.910352,42.037988],[70.856641,42.030811],[70.841895,42.019629],[70.80332,41.922656],[70.727734,41.905225],[70.630859,41.875488],[70.562891,41.830811],[70.45498,41.725049],[70.180957,41.571436],[70.176953,41.53999],[70.200879,41.514453],[70.290039,41.496826],[70.407813,41.449561],[70.471387,41.412646],[70.645898,41.460352],[70.688867,41.449805],[70.734375,41.400537],[70.782422,41.2625],[70.860449,41.224902],[70.962598,41.195996],[71.025977,41.186572],[71.110742,41.152637],[71.223438,41.139941],[71.298828,41.15249],[71.393066,41.123389],[71.408398,41.136035],[71.420898,41.341895],[71.5,41.307471],[71.545605,41.308057],[71.585547,41.333252],[71.60625,41.367432],[71.619629,41.435449],[71.602246,41.503271],[71.6375,41.53418],[71.664941,41.541211],[71.685156,41.533008],[71.697266,41.515576],[71.700684,41.454004],[71.757715,41.428027],[71.79248,41.413135],[71.825781,41.361035],[71.858008,41.311377],[71.878613,41.19502],[71.958496,41.187061],[72.052441,41.164746],[72.11543,41.186572],[72.164258,41.17373],[72.180957,41.118457],[72.180664,41.066846],[72.187305,41.025928],[72.213086,41.014258],[72.294922,41.039941],[72.364063,41.043457],[72.427344,41.018945],[72.505957,40.981689],[72.62041,40.883789],[72.658301,40.869922],[72.830957,40.862158],[72.866602,40.842334],[72.925977,40.842432],[72.990039,40.860107],[73.132129,40.828516],[73.136914,40.810645],[73.112891,40.786035],[72.773828,40.650391],[72.748828,40.608691],[72.67959,40.555615],[72.604102,40.525439],[72.56748,40.524365],[72.402051,40.578076],[72.382617,40.565137],[72.369043,40.543457],[72.369727,40.519727],[72.405957,40.463086],[72.389258,40.427393],[72.357715,40.40166],[72.254004,40.424219],[72.234668,40.438623],[72.232813,40.454395],[72.192871,40.454443],[72.13125,40.438623],[72.012598,40.340723],[71.971094,40.289502],[71.955664,40.258594],[71.902734,40.240967],[71.84541,40.234326],[71.772656,40.188037],[71.69248,40.152344],[71.666797,40.178613],[71.650879,40.208008],[71.629883,40.217139],[71.580469,40.210254],[71.52041,40.208984],[71.457422,40.241992],[71.376172,40.275195],[71.304688,40.286914],[71.094531,40.27124],[70.990625,40.254883],[70.958008,40.238867],[70.899414,40.23457],[70.653125,40.201172],[70.602734,40.21416],[70.56582,40.267139],[70.533594,40.324512],[70.469922,40.345361],[70.398242,40.361377],[70.371582,40.384131],[70.369727,40.412012],[70.377148,40.439258],[70.382617,40.453516],[70.548828,40.562793],[70.69834,40.661182],[70.712012,40.669092],[70.725586,40.687793],[70.751074,40.721777],[70.750977,40.7396],[70.63916,40.778564],[70.634766,40.796582],[70.657324,40.815088],[70.657324,40.839648],[70.578223,40.911475],[70.441504,41.023438],[70.401953,41.035107],[70.372656,41.027637],[70.318945,40.919238],[70.29209,40.891699],[70.136328,40.82041],[70.005664,40.771436],[69.773242,40.684277],[69.712891,40.656982],[69.670801,40.661963],[69.628418,40.679053],[69.498242,40.76709],[69.413867,40.797168],[69.357227,40.767383],[69.309375,40.723926],[69.313965,40.634766],[69.259961,40.587646],[69.20625,40.566553],[69.304199,40.327393],[69.294434,40.296582],[69.219531,40.288135],[69.274902,40.198096],[69.22832,40.187598],[69.110352,40.20874],[68.951758,40.222607],[68.652539,40.182666],[68.630664,40.16709],[68.622461,40.147266],[68.639746,40.129199],[68.78457,40.1271],[68.926855,40.136328],[68.966016,40.11958],[68.97207,40.089941],[68.955664,40.071338],[68.908496,40.068213],[68.804688,40.050342],[68.792773,40.031494],[68.789453,40.01333],[68.824414,39.960791],[68.863867,39.927344],[68.86875,39.907471],[68.852246,39.890967],[68.832422,39.884326],[68.797656,39.909131],[68.777832,39.904199],[68.767969,39.881836],[68.758203,39.855566],[68.735254,39.83623],[68.686914,39.846289],[68.638965,39.838867],[68.610352,39.743262],[68.586133,39.634961],[68.506934,39.562793],[68.463281,39.536719],[68.399023,39.528857],[68.303027,39.537695],[68.244922,39.548291],[68.077148,39.56416],[67.908594,39.593799],[67.719043,39.621387],[67.54248,39.557617],[67.491699,39.51875],[67.45957,39.482422],[67.426172,39.465576],[67.349609,39.24209],[67.357617,39.216699],[67.400391,39.19668],[67.616504,39.150293],[67.64834,39.131055],[67.667285,39.10918],[67.676563,39.008496],[67.694434,38.994629],[67.768555,38.982227],[67.875684,38.983008],[67.95957,38.99292],[68.044336,38.983594],[68.103516,38.962012],[68.13252,38.927637],[68.148535,38.890625],[68.047852,38.669287],[68.055957,38.588916],[68.087207,38.473535],[68.144141,38.383105],[68.251367,38.294531],[68.333105,38.237793],[68.350293,38.211035],[68.354492,38.169531],[68.341211,38.116797],[68.294043,38.03291],[68.236523,37.959668],[68.174023,37.928418],[68.087598,37.835449],[68.010938,37.720947],[67.863574,37.570703],[67.814355,37.487012],[67.798047,37.244971],[67.758984,37.172217],[67.75293,37.199805],[67.7,37.227246],[67.607422,37.22251],[67.546484,37.235645],[67.517285,37.26665],[67.441699,37.258008],[67.319727,37.20957],[67.195508,37.235205],[67.068848,37.334814],[66.827734,37.371289],[66.522266,37.348486],[66.510645,37.458691],[66.511328,37.59917],[66.525586,37.785742],[66.629297,37.932031],[66.626367,37.959863],[66.60625,37.986719],[66.574512,38.010791],[66.389746,38.050928],[66.335352,38.072168],[66.263672,38.118066],[66.173145,38.166699],[66.094824,38.200146],[65.971191,38.244238],[65.857129,38.26875],[65.790234,38.250049],[65.728516,38.226367],[65.670898,38.225732],[65.612891,38.238574],[65.399609,38.348828],[65.07666,38.539453],[64.820703,38.672461],[64.659961,38.736035],[64.621875,38.756445],[64.531641,38.816211],[64.309961,38.977295],[64.162793,38.953613],[63.952539,39.05835],[63.763672,39.160547],[63.720801,39.188135],[63.506055,39.3771],[63.291895,39.499512],[63.058105,39.633154],[62.906836,39.716797],[62.650684,39.858496],[62.525488,39.944092],[62.483203,39.975635],[62.441602,40.03623],[62.375,40.33208],[62.298047,40.46748],[62.188477,40.541211],[62.09502,40.683301],[62.017578,40.893799],[61.953516,41.030615],[61.902832,41.093701],[61.799902,41.163428],[61.644531,41.239844],[61.496973,41.276074],[61.443652,41.274609],[61.417383,41.265137],[61.3875,41.252148],[61.328906,41.195117],[61.242383,41.189209],[61.179297,41.190576],[61.119922,41.210889],[60.933203,41.229004],[60.867188,41.248682],[60.754883,41.245752],[60.513574,41.216162],[60.45498,41.221631],[60.2,41.348975],[60.089648,41.399414],[60.067383,41.427344],[60.06875,41.476221],[60.106055,41.545215],[60.137988,41.594141],[60.124023,41.644971],[60.075586,41.700537],[60.075586,41.759668],[60.108594,41.792676],[60.176367,41.782275],[60.200781,41.803125],[60.19209,41.834424],[60.155566,41.857031],[60.106934,41.907422],[59.962598,41.954395],[59.941797,41.973535],[59.949316,41.99541],[59.974121,42.018799],[59.979199,42.068066],[59.981641,42.131738],[60.000781,42.164746],[60.006055,42.19082],[59.985156,42.211719],[59.936523,42.236035],[59.858301,42.295166],[59.762598,42.301562],[59.451074,42.299512],[59.354297,42.323291],[59.276563,42.356152],[59.199121,42.481689],[59.15957,42.511426],[59.123145,42.523779],[59.03584,42.528125],[58.930859,42.540283],[58.876953,42.561475],[58.72998,42.676172],[58.589063,42.778467],[58.532324,42.681934],[58.477148,42.662842],[58.353125,42.671729],[58.259668,42.688086],[58.206445,42.666309],[58.151563,42.628076],[58.162012,42.602979],[58.204102,42.576367],[58.288672,42.527295],[58.418164,42.406689],[58.476953,42.340137],[58.48584,42.316846],[58.474414,42.299365],[58.457031,42.291797],[58.431445,42.29209],[58.39707,42.29248],[58.377148,42.312451],[58.370508,42.346777],[58.327246,42.398926],[58.28291,42.428857],[58.234082,42.447705],[58.165625,42.461572],[58.075488,42.486523],[58.028906,42.487646],[57.983496,42.458789],[57.945703,42.42002],[57.923438,42.335205],[57.855957,42.231055],[57.814258,42.189844],[57.686133,42.164795],[57.381738,42.156299],[57.290625,42.123779],[57.228809,42.084473],[57.113574,41.957129],[57.033691,41.914844],[56.964063,41.856543],[56.984863,41.669336],[57.018164,41.450586],[57.07666,41.38999],[57.113867,41.371777],[57.118848,41.350293],[57.094824,41.331299],[57.064258,41.307275],[57.017969,41.263477],[56.96582,41.265137],[56.86084,41.276123],[56.773633,41.287988],[56.479883,41.300635],[56.241992,41.31084],[55.977441,41.322217],[55.977344,41.551758],[55.977148,41.781348],[55.977051,42.010889],[55.976953,42.24043],[55.976855,42.469971],[55.976758,42.699512],[55.97666,42.929053],[55.976562,43.158594],[55.976465,43.388086],[55.976367,43.617627],[55.97627,43.847217],[55.976172,44.076758],[55.976074,44.306299],[55.975977,44.53584],[55.975781,44.765381],[55.975684,44.994922],[56.100488,45.023389],[56.25791,45.059326],[56.40918,45.093799],[56.58877,45.134766],[56.791895,45.181055],[56.965039,45.220605],[57.17168,45.267725],[57.329297,45.303662],[57.477344,45.337451],[57.666699,45.377441],[57.961035,45.439697],[58.125195,45.474365],[58.291113,45.509424],[58.449414,45.54292],[58.555273,45.555371],[58.668945,45.507568],[58.807031,45.441797],[58.945117,45.375977],[59.083398,45.310205],[59.221484,45.244434],[59.35957,45.178613],[59.497852,45.112842],[59.635938,45.04707],[59.774023,44.981299],[59.912207,44.915576],[60.050293,44.849756],[60.188477,44.783984],[60.32666,44.718213],[60.464746,44.652441],[60.60293,44.586621],[60.741113,44.52085],[60.879199,44.455078],[61.00791,44.393799],[61.065332,44.348389],[61.09707,44.248242],[61.160742,44.168604],[61.271484,44.082275],[61.385059,43.993945],[61.525879,43.877197],[61.623633,43.796191],[61.723242,43.713574],[61.887598,43.577246],[61.990234,43.492139],[62.071973,43.489355],[62.237891,43.50957],[62.459375,43.536621],[62.634473,43.558008],[62.846191,43.583887],[63.047656,43.608496],[63.207031,43.627979],[63.444824,43.613232],[63.679688,43.598633],[63.848145,43.588135],[64.013281,43.577832],[64.208789,43.565723],[64.318164,43.558936],[64.443164,43.551172],[64.496094,43.571631],[64.604102,43.613477],[64.706055,43.652979],[64.811816,43.693945],[64.905469,43.714697],[65.003125,43.649072],[65.084863,43.573682],[65.170898,43.494189],[65.270508,43.417529],[65.366504,43.372021],[65.496191,43.310547],[65.570703,43.205176],[65.670215,43.0646],[65.735645,42.972119],[65.803027,42.876953],[65.901074,42.914502],[66.005664,42.95459],[66.100293,42.99082],[66.088867,42.873389],[66.078516,42.76665],[66.062695,42.605176],[66.049805,42.472754],[66.015527,42.314795],[66.013184,42.194482],[66.01123,42.08877],[66.00957,42.004883],[66.193164,42.001123],[66.328809,41.99834],[66.498633,41.994873],[66.515039,41.889404],[66.537891,41.74126],[66.572559,41.606982],[66.60166,41.494336],[66.645313,41.348633],[66.668652,41.270752],[66.709668,41.17915],[66.749805,41.15708],[66.814258,41.142383],[67.038672,41.15332],[67.225,41.162354],[67.371582,41.169531],[67.528027,41.177148],[67.735059,41.187256],[67.805078,41.163916],[67.865723,41.180273],[67.935742,41.196582],[67.991406,41.130029],[68.019727,41.09624],[68.059375,41.061279],[68.113086,41.028613],[68.090332,40.960254],[68.057031,40.860596],[68.047656,40.809277],[68.112305,40.754053],[68.160254,40.721777],[68.291895,40.656104],[68.415039,40.619434],[68.495703,40.608643],[68.572656,40.622656],[68.600684,40.659961],[68.593652,40.711279],[68.556543,40.765137],[68.559277,40.829297],[68.584082,40.87627],[68.662793,40.961523],[68.737109,41.041895],[68.851172,41.123828],[68.986914,41.205029],[69.043457,41.264111],[69.064941,41.366943],[69.153613,41.425244],[69.249316,41.460254],[69.368359,41.490576],[69.400977,41.541895],[69.565137,41.629053],[69.663867,41.672119],[69.788086,41.697314],[69.959961,41.754053],[70.095605,41.820508],[70.225879,41.945996],[70.328906,42.027979],[70.416016,42.078564],[70.489063,42.080273],[70.540137,42.039453],[70.584277,42.036035],[70.613281,42.054736],[70.6625,42.107471],[70.715234,42.168652],[70.764551,42.194189],[70.860352,42.207227],[70.946777,42.248682]],[[70.652539,40.936621],[70.649219,40.96084],[70.618359,41.00166],[70.57207,41.024805],[70.55,41.014893],[70.56875,40.981836],[70.622754,40.934424],[70.652539,40.936621]]],[[[71.206152,39.892578],[71.15625,39.883447],[71.064258,39.884912],[71.011719,39.895117],[71.043652,39.976318],[71.044824,39.992529],[71.041016,39.994922],[71.014453,40.005762],[70.974414,40.038867],[70.960645,40.087988],[70.97627,40.133252],[71.005469,40.152295],[71.024121,40.14917],[71.080371,40.079883],[71.130273,40.059668],[71.228711,40.048145],[71.179297,39.979834],[71.215625,39.906787],[71.206152,39.892578]]],[[[71.779688,39.950244],[71.75293,39.907129],[71.705859,39.917432],[71.668945,39.946094],[71.68125,39.968652],[71.736523,39.980957],[71.765332,39.993262],[71.789941,39.995312],[71.779688,39.950244]]]]}},{"type":"Feature","properties":{"iso":"AF","name":"Afghanistan"},"geometry":{"type":"Polygon","coordinates":[[[66.522266,37.348486],[66.827734,37.371289],[67.068848,37.334814],[67.195508,37.235205],[67.319727,37.20957],[67.441699,37.258008],[67.517285,37.26665],[67.546484,37.235645],[67.607422,37.22251],[67.7,37.227246],[67.75293,37.199805],[67.758984,37.172217],[67.766016,37.140137],[67.834473,37.064209],[67.958008,36.972021],[68.067773,36.949805],[68.212109,37.021533],[68.260938,37.013086],[68.284766,37.036328],[68.299512,37.088428],[68.386914,37.1375],[68.546484,37.183447],[68.637012,37.224463],[68.669141,37.258398],[68.723242,37.268018],[68.782031,37.258008],[68.82373,37.270703],[68.838477,37.302832],[68.855371,37.316846],[68.885254,37.328076],[68.911816,37.333936],[68.960449,37.325049],[69.05,37.266504],[69.180176,37.158301],[69.264844,37.108398],[69.303906,37.116943],[69.353809,37.150049],[69.414453,37.207764],[69.429688,37.290869],[69.399219,37.399316],[69.420117,37.486719],[69.49209,37.553076],[69.625781,37.594043],[69.820898,37.60957],[69.940625,37.600293],[69.984961,37.566162],[70.044727,37.547217],[70.119824,37.543506],[70.188672,37.582471],[70.251465,37.66416],[70.25498,37.765381],[70.199414,37.886035],[70.214648,37.924414],[70.23877,37.941211],[70.313281,37.984814],[70.417773,38.075439],[70.518555,38.191992],[70.61582,38.334424],[70.735938,38.422559],[70.878906,38.456396],[71.052148,38.417871],[71.255859,38.306982],[71.332715,38.170264],[71.282813,38.00791],[71.278516,37.918408],[71.319922,37.901855],[71.389648,37.906299],[71.487793,37.931885],[71.551953,37.933154],[71.582227,37.910107],[71.580371,37.864258],[71.546191,37.795654],[71.505078,37.60293],[71.479688,37.436035],[71.454785,37.271826],[71.43291,37.127539],[71.471875,37.015088],[71.530859,36.845117],[71.597461,36.73291],[71.665625,36.696924],[71.733789,36.684033],[71.802051,36.694287],[71.941992,36.766455],[72.153516,36.900537],[72.358789,36.98291],[72.657422,37.029053],[72.757031,37.172705],[72.895508,37.267529],[73.211133,37.408496],[73.38291,37.462256],[73.481348,37.47168],[73.604688,37.446045],[73.632617,37.437207],[73.657129,37.430469],[73.720605,37.41875],[73.733789,37.375781],[73.717285,37.329443],[73.648828,37.291211],[73.627539,37.261572],[73.653516,37.239355],[73.749609,37.231787],[73.948828,37.283154],[74.077734,37.316211],[74.16709,37.329443],[74.203516,37.372461],[74.259668,37.41543],[74.349023,37.41875],[74.444922,37.395605],[74.524219,37.382373],[74.659375,37.394482],[74.730566,37.357031],[74.830469,37.285937],[74.875391,37.241992],[74.891309,37.231641],[74.840234,37.225049],[74.767383,37.24917],[74.738965,37.285645],[74.72666,37.290723],[74.668945,37.266699],[74.558984,37.236621],[74.372168,37.157715],[74.376172,37.137354],[74.497949,37.057227],[74.526465,37.030664],[74.541406,37.022168],[74.431055,36.983691],[74.194727,36.896875],[74.038867,36.825732],[74.001855,36.823096],[73.907813,36.85293],[73.769141,36.888477],[73.731836,36.887793],[73.411133,36.881689],[73.116797,36.868555],[72.99375,36.851611],[72.766211,36.83501],[72.622852,36.82959],[72.531348,36.802002],[72.431152,36.76582],[72.326953,36.742383],[72.249805,36.734717],[72.156738,36.700879],[72.095605,36.63374],[71.920703,36.53418],[71.822266,36.486084],[71.772656,36.431836],[71.716406,36.426562],[71.620508,36.436475],[71.545898,36.377686],[71.463281,36.293262],[71.312598,36.171191],[71.23291,36.121777],[71.185059,36.04209],[71.220215,36.000684],[71.342871,35.938525],[71.397559,35.880176],[71.427539,35.83374],[71.483594,35.7146],[71.519043,35.59751],[71.571973,35.546826],[71.587402,35.46084],[71.600586,35.40791],[71.571973,35.37041],[71.545508,35.328516],[71.545508,35.288867],[71.577246,35.247998],[71.605273,35.211768],[71.620508,35.183008],[71.60166,35.150684],[71.545508,35.101416],[71.51709,35.051123],[71.455078,34.966943],[71.358105,34.909619],[71.294141,34.867725],[71.225781,34.779541],[71.113281,34.681592],[71.065625,34.599609],[71.016309,34.554639],[70.965625,34.530371],[70.978906,34.486279],[71.022949,34.431152],[71.095703,34.369434],[71.092383,34.273242],[71.089063,34.204053],[71.091309,34.120264],[71.051563,34.049707],[70.848438,33.981885],[70.654004,33.952295],[70.415723,33.950439],[70.325684,33.961133],[70.253613,33.975977],[69.994727,34.051807],[69.889648,34.007275],[69.868066,33.897656],[70.056641,33.719873],[70.13418,33.620752],[70.219727,33.454687],[70.28418,33.369043],[70.261133,33.289014],[70.090234,33.198096],[69.920117,33.1125],[69.703711,33.094727],[69.567773,33.06416],[69.501563,33.020068],[69.453125,32.832812],[69.40459,32.764258],[69.405371,32.682715],[69.359473,32.590332],[69.289941,32.530566],[69.241406,32.433545],[69.256543,32.249463],[69.279297,31.936816],[69.186914,31.838086],[69.083105,31.738477],[68.973438,31.667383],[68.868945,31.634229],[68.782324,31.646436],[68.713672,31.708057],[68.673242,31.759717],[68.597656,31.802979],[68.520703,31.794141],[68.443262,31.754492],[68.319824,31.767676],[68.213965,31.807373],[68.161035,31.802979],[68.130176,31.763281],[68.017188,31.677979],[67.739844,31.548193],[67.626758,31.53877],[67.578223,31.506494],[67.597559,31.45332],[67.64707,31.409961],[67.733496,31.379248],[67.737891,31.343945],[67.661523,31.312988],[67.596387,31.277686],[67.452832,31.234619],[67.287305,31.217822],[67.115918,31.24292],[67.027734,31.300244],[66.924316,31.305615],[66.829297,31.263672],[66.731348,31.194531],[66.624219,31.046045],[66.595801,31.019971],[66.566797,30.996582],[66.497363,30.964551],[66.397168,30.912207],[66.346875,30.802783],[66.286914,30.60791],[66.300977,30.502979],[66.305469,30.321143],[66.281836,30.193457],[66.238477,30.109619],[66.247168,30.043506],[66.313379,29.968555],[66.286914,29.92002],[66.23125,29.865723],[66.177051,29.835596],[65.961621,29.778906],[65.666211,29.701318],[65.470996,29.651562],[65.180469,29.577637],[65.095508,29.559473],[64.918945,29.552783],[64.827344,29.56416],[64.703516,29.567139],[64.521094,29.564502],[64.39375,29.544336],[64.266113,29.506934],[64.172168,29.460352],[64.117969,29.414258],[64.09873,29.391943],[63.970996,29.430078],[63.567578,29.497998],[62.476562,29.40835],[62.373438,29.425391],[62.000977,29.53042],[61.521484,29.665674],[61.224414,29.749414],[60.843359,29.858691],[61.104102,30.128418],[61.331641,30.363721],[61.559473,30.599365],[61.78418,30.831934],[61.81084,30.913281],[61.814258,31.072559],[61.755078,31.285303],[61.660156,31.382422],[61.346484,31.421631],[61.110742,31.451123],[60.854102,31.483252],[60.820703,31.495166],[60.791602,31.660596],[60.804297,31.734473],[60.7875,31.877197],[60.789941,31.987109],[60.827246,32.167969],[60.829297,32.249414],[60.710449,32.6],[60.644531,32.794385],[60.576563,32.994873],[60.561914,33.058789],[60.560547,33.137842],[60.718066,33.323535],[60.766895,33.363818],[60.859277,33.45625],[60.916992,33.505225],[60.906934,33.538965],[60.806445,33.558691],[60.65459,33.5604],[60.573828,33.58833],[60.51084,33.638916],[60.485938,33.711914],[60.527051,33.841992],[60.485742,34.094775],[60.570215,34.219629],[60.642676,34.307178],[60.889453,34.319434],[60.803906,34.418018],[60.762598,34.475244],[60.736133,34.491797],[60.72627,34.518262],[60.739453,34.544727],[60.802344,34.554639],[60.845313,34.587695],[60.914746,34.633984],[60.951172,34.653857],[60.957813,34.710059],[60.99082,34.749756],[61.04043,34.799365],[61.080078,34.855615],[61.070215,34.921729],[61.106641,35.001123],[61.123145,35.050732],[61.149609,35.09375],[61.126465,35.156543],[61.106641,35.209473],[61.1,35.272314],[61.139648,35.288867],[61.189258,35.312012],[61.199219,35.361621],[61.225684,35.424463],[61.245508,35.474072],[61.278516,35.51377],[61.281836,35.553418],[61.262012,35.61958],[61.344727,35.629492],[61.377734,35.593115],[61.421777,35.545801],[61.542773,35.457861],[61.620996,35.432324],[61.719727,35.419434],[61.841016,35.431494],[61.938086,35.4479],[61.983887,35.443701],[62.089648,35.379687],[62.213086,35.289941],[62.252832,35.250244],[62.271191,35.189111],[62.307813,35.170801],[62.386621,35.23125],[62.462891,35.251367],[62.533105,35.239893],[62.610547,35.233154],[62.688086,35.255322],[62.722656,35.271338],[62.858008,35.349658],[62.980273,35.40918],[63.056641,35.445801],[63.08418,35.568066],[63.119336,35.637549],[63.169727,35.678125],[63.150781,35.728271],[63.12998,35.766748],[63.108594,35.818701],[63.12998,35.846191],[63.178906,35.858447],[63.30166,35.858398],[63.516992,35.913135],[63.696582,35.967822],[63.8625,36.012354],[63.938086,36.019727],[64.009668,36.012109],[64.042383,36.025098],[64.051367,36.067627],[64.092188,36.112695],[64.184375,36.148926],[64.358008,36.226074],[64.511035,36.340674],[64.56582,36.427588],[64.602539,36.554541],[64.674316,36.750195],[64.753125,36.964795],[64.782422,37.059277],[64.816309,37.13208],[64.951563,37.193555],[65.089648,37.237939],[65.303613,37.246777],[65.55498,37.251172],[65.608008,37.368408],[65.641211,37.467822],[65.683008,37.519141],[65.743848,37.56084],[65.765039,37.569141],[65.900684,37.508105],[66.108398,37.414746],[66.350293,37.368164],[66.471875,37.344727],[66.522266,37.348486]]]}},{"type":"Feature","properties":{"iso":"PK","name":"Pakistan"},"geometry":{"type":"Polygon","coordinates":[[[76.766895,35.661719],[76.812793,35.571826],[76.882227,35.435742],[76.927734,35.346631],[76.978906,35.246436],[77.004492,35.196338],[77.048633,35.109912],[77.030664,35.062354],[77.000879,34.991992],[76.891699,34.938721],[76.78291,34.900195],[76.75752,34.877832],[76.749023,34.847559],[76.696289,34.786914],[76.594434,34.73584],[76.509961,34.740869],[76.456738,34.756104],[76.172461,34.667725],[76.041016,34.669922],[75.938281,34.612549],[75.862109,34.560254],[75.70918,34.503076],[75.605566,34.502734],[75.452539,34.536719],[75.264063,34.601367],[75.1875,34.639014],[75.118457,34.636816],[74.951855,34.64585],[74.78877,34.677734],[74.594141,34.715771],[74.497949,34.732031],[74.300391,34.765381],[74.171973,34.720898],[74.055859,34.680664],[73.96123,34.653467],[73.883105,34.529053],[73.850098,34.485303],[73.812109,34.422363],[73.794531,34.378223],[73.809961,34.325342],[73.924609,34.287842],[73.972363,34.236621],[73.979492,34.191309],[73.938281,34.144775],[73.903906,34.108008],[73.904102,34.075684],[73.922363,34.043066],[73.949902,34.018799],[74.112598,34.003711],[74.208984,34.003418],[74.246484,33.990186],[74.250879,33.946094],[74.215625,33.886572],[74.078418,33.838672],[74.000977,33.788184],[73.976465,33.721289],[73.977539,33.667822],[74.004004,33.632422],[74.069727,33.591699],[74.13125,33.545068],[74.15,33.506982],[74.142578,33.455371],[74.117773,33.384131],[74.050391,33.30127],[73.994238,33.242188],[73.989844,33.221191],[74.003809,33.189453],[74.049121,33.143408],[74.12627,33.075439],[74.22207,33.020312],[74.283594,33.005127],[74.303613,32.991797],[74.322754,32.927979],[74.32998,32.86084],[74.305469,32.810449],[74.35459,32.768701],[74.483398,32.770996],[74.588281,32.753223],[74.632422,32.770898],[74.663281,32.757666],[74.643359,32.607715],[74.657813,32.518945],[74.685742,32.493799],[74.788867,32.457812],[74.987305,32.462207],[75.104102,32.420361],[75.233691,32.372119],[75.302637,32.318896],[75.333496,32.279199],[75.324707,32.215283],[75.254102,32.140332],[75.13877,32.104785],[75.071484,32.089355],[74.739453,31.948828],[74.635742,31.889746],[74.555566,31.818555],[74.525977,31.765137],[74.509961,31.712939],[74.581836,31.523926],[74.593945,31.465381],[74.534961,31.261377],[74.517676,31.185596],[74.539746,31.132666],[74.610352,31.112842],[74.625781,31.06875],[74.632812,31.034668],[74.509766,30.959668],[74.380371,30.893408],[74.339355,30.893555],[74.215625,30.768994],[74.008984,30.519678],[73.899316,30.435352],[73.891602,30.394043],[73.882715,30.352148],[73.924609,30.281641],[73.933398,30.22207],[73.886523,30.162012],[73.80918,30.093359],[73.658008,30.033203],[73.46748,29.97168],[73.381641,29.934375],[73.317285,29.772998],[73.257812,29.610693],[73.231152,29.550635],[73.12832,29.363916],[72.94873,29.088818],[72.90332,29.02876],[72.625586,28.896143],[72.341895,28.751904],[72.291992,28.697266],[72.233887,28.56582],[72.179199,28.421777],[72.128516,28.346338],[71.948047,28.177295],[71.888867,28.047461],[71.870313,27.9625],[71.716699,27.915088],[71.542969,27.869873],[71.290137,27.855273],[71.184766,27.831641],[70.874902,27.714453],[70.797949,27.709619],[70.737402,27.729004],[70.691602,27.768994],[70.649121,27.835352],[70.629102,27.937451],[70.569238,27.983789],[70.488574,28.023145],[70.403711,28.025049],[70.318457,27.981641],[70.244336,27.934131],[70.193945,27.894873],[70.144531,27.849023],[70.049805,27.694727],[69.896289,27.473633],[69.724805,27.312695],[69.661328,27.264502],[69.621582,27.228076],[69.567969,27.174609],[69.537012,27.122949],[69.494531,26.95415],[69.47002,26.804443],[69.48125,26.770996],[69.506934,26.742676],[69.600586,26.699121],[69.735938,26.627051],[69.911426,26.586133],[70.059375,26.57876],[70.114648,26.548047],[70.147656,26.506445],[70.156836,26.471436],[70.149219,26.347559],[70.132617,26.214795],[70.077734,26.071973],[70.078613,25.990039],[70.100195,25.910059],[70.264648,25.706543],[70.325195,25.685742],[70.448535,25.681348],[70.505859,25.685303],[70.569531,25.705957],[70.614844,25.691895],[70.648438,25.666943],[70.657227,25.625781],[70.652051,25.4229],[70.702539,25.331055],[70.800488,25.205859],[70.877734,25.062988],[70.950879,24.891602],[71.020703,24.757666],[71.047852,24.687744],[71.002344,24.653906],[70.976367,24.61875],[70.969824,24.571875],[70.979297,24.522461],[70.973242,24.487402],[71.00625,24.444336],[71.045313,24.42998],[71.044043,24.400098],[70.982813,24.361035],[70.928125,24.362354],[70.88623,24.34375],[70.805078,24.261963],[70.767285,24.24541],[70.716309,24.237988],[70.659473,24.246094],[70.579297,24.279053],[70.555859,24.331104],[70.565039,24.385791],[70.546777,24.418311],[70.489258,24.412158],[70.289062,24.356299],[70.098242,24.2875],[70.065137,24.240576],[70.021094,24.191553],[69.933789,24.171387],[69.805176,24.165234],[69.716211,24.172607],[69.63418,24.225195],[69.55918,24.273096],[69.443457,24.275391],[69.235059,24.268262],[69.119531,24.268652],[69.051563,24.286328],[68.98457,24.273096],[68.900781,24.292432],[68.863477,24.266504],[68.82832,24.264014],[68.8,24.309082],[68.781152,24.313721],[68.758984,24.307227],[68.739648,24.291992],[68.728125,24.265625],[68.724121,23.964697],[68.586621,23.966602],[68.488672,23.967236],[68.38125,23.950879],[68.28252,23.927979],[68.23418,23.900537],[68.165039,23.857324],[68.148828,23.797217],[68.115527,23.753369],[68.067773,23.818359],[68.037012,23.848242],[68.001465,23.826074],[67.950977,23.828613],[67.859961,23.902686],[67.819043,23.828076],[67.668457,23.810986],[67.649512,23.867285],[67.645801,23.919873],[67.563086,23.881836],[67.503613,23.940039],[67.476855,24.018262],[67.453906,24.039893],[67.427637,24.064844],[67.365234,24.091602],[67.309375,24.174805],[67.304297,24.262891],[67.288672,24.367773],[67.171484,24.756104],[67.100586,24.791943],[66.703027,24.860937],[66.682227,24.928857],[66.709863,25.111328],[66.698633,25.226318],[66.569922,25.378516],[66.533887,25.484375],[66.428613,25.575342],[66.324219,25.601807],[66.219043,25.589893],[66.162305,25.553906],[66.131152,25.493262],[66.356445,25.507373],[66.407129,25.485059],[66.467676,25.445312],[66.40293,25.446826],[66.32832,25.465771],[66.234668,25.464355],[65.883594,25.419629],[65.679688,25.355273],[65.40625,25.374316],[65.061328,25.311084],[64.77666,25.307324],[64.658984,25.184082],[64.594043,25.206299],[64.54375,25.23667],[64.152051,25.333447],[64.124902,25.373926],[64.059375,25.40293],[63.987305,25.351172],[63.935547,25.342529],[63.720898,25.385889],[63.556641,25.353174],[63.495703,25.29751],[63.491406,25.21084],[63.285742,25.227588],[63.17002,25.254883],[63.015039,25.224658],[62.664746,25.264795],[62.572461,25.254736],[62.444727,25.197266],[62.391211,25.152539],[62.315332,25.134912],[62.24873,25.197363],[62.198633,25.224854],[62.152148,25.206641],[62.089453,25.155322],[61.90791,25.131299],[61.743652,25.138184],[61.566895,25.186328],[61.587891,25.202344],[61.61543,25.286133],[61.640137,25.584619],[61.671387,25.692383],[61.661816,25.75127],[61.668652,25.768994],[61.737695,25.821094],[61.754395,25.843359],[61.780762,25.99585],[61.809961,26.165283],[61.842383,26.225928],[61.869824,26.242432],[62.089063,26.318262],[62.125977,26.368994],[62.239355,26.357031],[62.249609,26.369238],[62.259668,26.42749],[62.312305,26.490869],[62.385059,26.542627],[62.439258,26.561035],[62.636426,26.593652],[62.751563,26.63916],[62.786621,26.643896],[63.092969,26.632324],[63.157813,26.649756],[63.168066,26.665576],[63.186133,26.837598],[63.241602,26.864746],[63.250391,26.879248],[63.231445,26.998145],[63.24209,27.077686],[63.305176,27.124561],[63.301563,27.151465],[63.25625,27.20791],[63.196094,27.243945],[63.166797,27.25249],[62.91543,27.218408],[62.811621,27.229443],[62.762988,27.250195],[62.752734,27.265625],[62.7625,27.300195],[62.764258,27.356738],[62.800879,27.444531],[62.812012,27.497021],[62.782324,27.800537],[62.739746,28.002051],[62.7625,28.202051],[62.758008,28.243555],[62.749414,28.252881],[62.717578,28.252783],[62.564551,28.235156],[62.433887,28.363867],[62.353027,28.414746],[62.130566,28.478809],[62.033008,28.491016],[61.889844,28.546533],[61.758008,28.667676],[61.623047,28.791602],[61.56875,28.870898],[61.508594,29.006055],[61.337891,29.26499],[61.339453,29.331787],[61.318359,29.372607],[61.152148,29.542725],[61.03418,29.663428],[60.843359,29.858691],[61.224414,29.749414],[61.521484,29.665674],[62.000977,29.53042],[62.373438,29.425391],[62.476562,29.40835],[63.567578,29.497998],[63.970996,29.430078],[64.09873,29.391943],[64.117969,29.414258],[64.172168,29.460352],[64.266113,29.506934],[64.39375,29.544336],[64.521094,29.564502],[64.703516,29.567139],[64.827344,29.56416],[64.918945,29.552783],[65.095508,29.559473],[65.180469,29.577637],[65.470996,29.651562],[65.666211,29.701318],[65.961621,29.778906],[66.177051,29.835596],[66.23125,29.865723],[66.286914,29.92002],[66.313379,29.968555],[66.247168,30.043506],[66.238477,30.109619],[66.281836,30.193457],[66.305469,30.321143],[66.300977,30.502979],[66.286914,30.60791],[66.346875,30.802783],[66.397168,30.912207],[66.497363,30.964551],[66.566797,30.996582],[66.595801,31.019971],[66.624219,31.046045],[66.731348,31.194531],[66.829297,31.263672],[66.924316,31.305615],[67.027734,31.300244],[67.115918,31.24292],[67.287305,31.217822],[67.452832,31.234619],[67.596387,31.277686],[67.661523,31.312988],[67.737891,31.343945],[67.733496,31.379248],[67.64707,31.409961],[67.597559,31.45332],[67.578223,31.506494],[67.626758,31.53877],[67.739844,31.548193],[68.017188,31.677979],[68.130176,31.763281],[68.161035,31.802979],[68.213965,31.807373],[68.319824,31.767676],[68.443262,31.754492],[68.520703,31.794141],[68.597656,31.802979],[68.673242,31.759717],[68.713672,31.708057],[68.782324,31.646436],[68.868945,31.634229],[68.973438,31.667383],[69.083105,31.738477],[69.186914,31.838086],[69.279297,31.936816],[69.256543,32.249463],[69.241406,32.433545],[69.289941,32.530566],[69.359473,32.590332],[69.405371,32.682715],[69.40459,32.764258],[69.453125,32.832812],[69.501563,33.020068],[69.567773,33.06416],[69.703711,33.094727],[69.920117,33.1125],[70.090234,33.198096],[70.261133,33.289014],[70.28418,33.369043],[70.219727,33.454687],[70.13418,33.620752],[70.056641,33.719873],[69.868066,33.897656],[69.889648,34.007275],[69.994727,34.051807],[70.253613,33.975977],[70.325684,33.961133],[70.415723,33.950439],[70.654004,33.952295],[70.848438,33.981885],[71.051563,34.049707],[71.091309,34.120264],[71.089063,34.204053],[71.092383,34.273242],[71.095703,34.369434],[71.022949,34.431152],[70.978906,34.486279],[70.965625,34.530371],[71.016309,34.554639],[71.065625,34.599609],[71.113281,34.681592],[71.225781,34.779541],[71.294141,34.867725],[71.358105,34.909619],[71.455078,34.966943],[71.51709,35.051123],[71.545508,35.101416],[71.60166,35.150684],[71.620508,35.183008],[71.605273,35.211768],[71.577246,35.247998],[71.545508,35.288867],[71.545508,35.328516],[71.571973,35.37041],[71.600586,35.40791],[71.587402,35.46084],[71.571973,35.546826],[71.519043,35.59751],[71.483594,35.7146],[71.427539,35.83374],[71.397559,35.880176],[71.342871,35.938525],[71.220215,36.000684],[71.185059,36.04209],[71.23291,36.121777],[71.312598,36.171191],[71.463281,36.293262],[71.545898,36.377686],[71.620508,36.436475],[71.716406,36.426562],[71.772656,36.431836],[71.822266,36.486084],[71.920703,36.53418],[72.095605,36.63374],[72.156738,36.700879],[72.249805,36.734717],[72.326953,36.742383],[72.431152,36.76582],[72.531348,36.802002],[72.622852,36.82959],[72.766211,36.83501],[72.99375,36.851611],[73.116797,36.868555],[73.411133,36.881689],[73.731836,36.887793],[73.769141,36.888477],[73.907813,36.85293],[74.001855,36.823096],[74.038867,36.825732],[74.194727,36.896875],[74.431055,36.983691],[74.541406,37.022168],[74.600586,37.03667],[74.692188,37.035742],[74.766016,37.012744],[74.841211,36.979102],[74.889258,36.952441],[74.949121,36.968359],[75.053906,36.987158],[75.145215,36.973242],[75.34668,36.913477],[75.376855,36.883691],[75.424219,36.738232],[75.460254,36.725049],[75.57373,36.759326],[75.667188,36.741992],[75.772168,36.694922],[75.840234,36.649707],[75.884961,36.600732],[75.933008,36.521582],[75.951855,36.458105],[75.974414,36.382422],[75.968652,36.168848],[75.934082,36.133936],[75.904883,36.088477],[75.912305,36.048975],[75.945117,36.017578],[76.010449,35.996338],[76.070898,35.983008],[76.10332,35.949219],[76.147852,35.829004],[76.177832,35.810547],[76.25166,35.810937],[76.385742,35.837158],[76.502051,35.878223],[76.55127,35.887061],[76.563477,35.772998],[76.631836,35.729395],[76.727539,35.678662],[76.766895,35.661719]]]}}]}